1	Laraine Medendorp	71	Female	93	01-06-2024
2	Eli Bockman	44	Male	81	16-06-2024
3	Arlin Dearle	71	Male	61	14-07-2023
5	Sheila-kathryn Calton	47	Female	56	15-07-2023
9	Mala Lind	51	Female	97	22-11-2023
11	Uriah Bisatt	70	Male	99	09-08-2023
12	Sawyere Flattman	30	Male	58	13-12-2024
14	Rayshell Kitteman	41	Female	85	16-12-2024
15	Erroll Radage	24	Male	91	24-07-2024
17	Heath Faraday	62	Male	57	05-04-2023
18	Marjie Neasham	57	Female	79	19-08-2024
19	Sorcha Keyson	23	Female	76	14-06-2023
20	Basile Firth	44	Male	72	30-05-2024
21	Mile Cammocke	44	Male	74	26-04-2023
22	Deeanne Durtnell	62	Female	79	01-03-2023
24	Kim Skpsey	47	Female	55	01-05-2024
25	Geoff Assaf	48	Male	72	09-05-2023
29	Mona Sancraft	56	Female	62	03-01-2024
34	Jephthah Bachmann	#VALUE!	U	59	14-05-2023
40	Tomasine Jerche	43	Female	91	21-11-2023
41	Basilius Coupe	48	Male	64	30-01-2025
44	Neron Verick	43	Male	63	01-02-2025
45	Trace Woodhead	49	Male	64	02-12-2023
46	Kaila Allin	52	Female	98	25-06-2024
47	Matthew Jeaycock	32	Male	51	30-06-2024
49	Nolly Ownsworth	31	Male	63	02-05-2023
51	Fidelio Dilke	65	Male	68	22-04-2024
52	Curran Bentson	36	Male	57	29-03-2023
57	Abba Masedon	36	Male	87	12-01-2025
59	Niki Heathcote	25	Male	60	16-06-2024
63	Ebony Zini	59	Female	58	22-04-2024
64	Gerek Yve	46	Male	73	23-12-2023
67	Vernon	64	Male	67	02-03-2024
70	Foster Vannoort	31	Male	78	05-05-2023
72	Sammy Cheese	53	Male	93	26-12-2023
74	Pansy Kiddie	55	Female	94	09-12-2023
77	Shermie Andrin	35	Male	79	04-01-2024
79	Tybi Silliman	56	Female	76	17-10-2023
81	Bee Blazewicz	38	Female	58	06-11-2024
82	Gleda Cokely	59	Female	93	23-01-2025
83	Kerr Simmell	57	Male	97	05-01-2024
84	Rich Mathiasen	67	Male	78	11-01-2025
86	Job Sleney	35	Male	75	25-08-2023
87	Fields Langdon	50	Male	78	03-06-2024
89	Benedicto Hoxey	58	Male	74	10-02-2025
90	Cary Garron	40	Male	76	28-09-2023
91	Dylan Meaker	69	Male	69	19-08-2024
92	Jodee Judkins	44	Female	98	07-11-2024
93	Gordon Gowar	48	Male	63	19-06-2024
95	Nomi Mallinder	64	Female	67	18-05-2023
99	Reggie Mulliner	26	Male	97	14-12-2024
100	Tripp Steed	56	Male	80	27-03-2024
101	Goran Kwietek	49	Male	83	03-02-2024
102	Langsdon Tranfield	68	Male	51	16-09-2023
106	Glyn	58	Male	54	26-11-2023
107	Pris Stallebrass	34	Female	97	15-11-2023
111	Cele Evason	31	Female	65	27-07-2024
112	Shena Parren	49	Female	88	04-04-2023
113	Gage Nickless	68	Male	67	04-09-2023
115	Alberik Mereweather	43	Male	77	09-01-2025
117	Nance Suttling	42	Female	75	22-07-2023
120	Sloan Wagg	46	Male	80	15-07-2024
121	Myles Pauncefort	67	Male	82	30-11-2023
122	Colver Itter	45	Male	87	24-05-2024
123	Almeta Kalinsky	36	Female	85	25-11-2024
125	Darrelle Antoniewski	64	Female	94	17-04-2023
126	Norman Cliff	32	Male	53	15-11-2023
127	Merrili Whitear	50	Female	81	14-07-2024
128	Isidro Cypler	47	Male	73	28-03-2024
129	Weidar Silkstone	39	Male	64	09-07-2024
131	Jana Renyard	60	Female	57	29-11-2024
141	Townsend Trobe	70	Male	67	11-06-2023
142	Bentley Fortesquieu	57	Male	57	10-12-2023
144	Jory Barrabeale	125	U	71	21-01-2025
148	Jaquith Maffey	43	Female	69	21-12-2023
153	Lorilyn Walshe	47	Female	73	21-11-2024
154	Faydra Dulieu	67	Female	90	23-11-2023
157	Chad Houtby	50	Male	97	29-05-2024
158	Hamlin Odams	40	Male	99	04-01-2025
159	Arin Matskevich	37	Male	90	14-10-2024
162	Port Acuna	45	Male	90	09-03-2024
163	Kessia Helder	48	Female	58	04-09-2024
164	Aarika Van Vuuren	25	Female	55	05-02-2024
165	Aldon Roelofs	40	Male	61	18-03-2024
166	Elston Oleszczak	69	Male	54	01-03-2023
167	Nathalie Tideswell	55	Female	95	27-04-2024
170	Jammal Gever	49	Male	80	10-07-2023
171	Halli Davidoff	54	Female	62	12-08-2023
172	Hilton Carney	36	Male	54	23-08-2023
173	Ebba Hanselmann	28	Female	99	13-05-2024
174	Catie Tosspell	35	Female	93	17-12-2023
182	Lydon Dahlman	32	Male	99	16-07-2023
185	Crosby Walcot	45	Male	80	21-05-2024
187	Pincas Ather	71	Male	97	24-06-2023
188	Audry Seine	49	Female	54	13-12-2023
189	Umberto Torricella	43	Male	73	27-05-2024
196	Swen Odhams	58	Male	90	10-03-2024
198	Vanya Gumb	43	Female	82	31-05-2023
199	Verla Alven	47	Female	61	22-07-2024
203	Donovan Conry	61	Male	71	18-08-2024
204	Thorny Hackworth	48	Male	56	12-07-2024
206	Mari Chevolleau	70	Female	98	08-03-2023
208	Rutter Excell	30	Male	57	30-01-2025
210	Albrecht Thomasson	61	Male	50	31-08-2023
214	Jeramie Cellier	67	Male	82	12-03-2024
217	Jeralee Quartly	45	Female	63	13-11-2024
220	Jeniffer Apark	70	Female	79	19-08-2023
222	Nev Larive	46	Male	89	18-12-2023
225	Brittaney Pring	47	Female	84	13-02-2025
226	Bondie Letty	47	Male	96	27-09-2024
227	Wendall McKeand	51	Male	99	27-11-2023
228	Lucia Pickervance	38	Female	59	16-02-2025
230	Maegan Scyone	70	Female	74	10-01-2024
232	Zaria Koeppke	37	Female	94	05-06-2023
234	Mead Alpes	55	Female	71	24-10-2024
236	Tybalt Gillingwater	70	Male	79	25-05-2023
238	Max Bilborough	41	Male	54	11-02-2025
239	Wells Pressman	32	Male	62	14-04-2024
241	Quillan Duigan	37	Male	94	27-02-2023
243	Barbara Croxley	48	Female	94	18-06-2024
244	Germayne Sperry	50	Male	57	09-03-2024
246	Binny Whight	33	Female	63	13-10-2024
247	Kristal Joysey	41	Female	62	08-07-2024
248	Inger Eskell	46	Female	76	13-03-2024
249	D'arcy Slay	32	Male	65	01-08-2023
250	Kristofer	36	Male	53	09-03-2023
251	Mala	47	Female	88	05-08-2023
253	Amalee Choak	27	Female	82	01-03-2024
254	Barbie Rubi	63	Female	98	28-08-2023
257	Marissa	59	Female	70	11-03-2024
259	Venita Dymick	41	Female	70	26-05-2024
261	Marve Pryn	47	Male	74	01-05-2023
262	Cordie Petrelli	47	Male	97	04-01-2024
263	Tonia Leigh	39	Female	89	06-07-2024
265	Pennie Stoile	59	Male	74	10-09-2023
266	Lelia Garatty	35	Female	69	12-07-2023
267	Edgar Buckler	125	U	53	14-06-2024
268	Kacie Kidston	46	Female	60	30-04-2024
269	Zacherie Grindley	70	Male	55	22-11-2023
271	Doll Burtwell	34	Female	51	20-03-2023
273	Nevile Abraham	61	Male	54	09-07-2023
274	Tessi Hesse	48	Female	66	13-07-2024
277	Jehanna Alvarado	69	Female	69	13-12-2023
281	Jeanette Sizzey	52	Female	51	05-12-2024
282	Lauren Curcher	35	Male	82	20-03-2023
286	Kiley Canaan	35	Male	99	29-09-2024
288	Ebenezer Seedman	39	Male	71	02-06-2023
291	Aime Burston	53	Female	63	09-02-2025
293	Virgilio Willcocks	35	Male	80	24-11-2023
295	Lena Chape	60	Female	64	12-03-2023
298	Maurise Lenglet	68	Male	69	21-04-2024
299	Corabelle Hartnell	68	Female	80	01-09-2024
300	Malachi Hadcroft	68	Male	88	26-09-2024
301	Hildy Bilbrook	44	Female	54	28-08-2023
303	Shane Smetoun	50	Female	59	19-04-2024
307	Ruben Handlin	40	Male	55	20-06-2023
309	Maurizia Ligerton	50	Female	53	06-06-2023
311	Jaimie Halms	67	Female	86	08-10-2024
313	Theo McKune	37	Male	70	15-08-2023
315	Lisa Odlin	66	Female	67	26-04-2024
316	Genni Larway	48	Female	72	15-10-2023
321	Christean Finnes	51	Female	58	15-09-2023
323	Celka Goodrich	51	Female	54	13-12-2024
324	Franz Lyptrit	38	Male	97	09-07-2023
325	Anthia Ghilardini	53	Female	98	09-06-2024
326	Guenna Spensly	45	Female	74	03-01-2024
328	Bernice Kings	33	Female	87	26-09-2024
330	Port Pancost	65	Male	78	03-04-2023
331	Ford Groucock	26	Male	87	08-11-2024
334	Fredi Iannuzzelli	25	Female	71	06-09-2024
336	Georgiana Wallington	45	Female	91	20-06-2023
337	Shaylah Urquhart	45	Female	67	20-06-2023
339	Nanny Casero	45	Female	56	23-08-2024
343	Nicole Johananoff	67	Female	76	08-04-2024
344	Carlene Eyckelbeck	51	Female	91	25-05-2023
345	Tish Oleksiak	36	Female	74	05-09-2024
346	Timmie Eisikowitz	43	Male	68	14-05-2024
347	Berkly Grishinov	59	Male	50	09-06-2023
351	Dev Hafner	25	Male	69	28-12-2024
354	Mavra Donavan	44	Female	87	14-08-2023
355	Stacy Gullane	45	Female	97	06-10-2024
358	Kippie Crimpe	39	Female	54	11-09-2023
360	Atalanta Starbucke	68	Female	64	30-05-2024
361	Stephana Minero	25	Female	59	21-08-2024
363	Sabrina Caddy	36	Female	82	03-06-2024
364	Leontyne Simpkiss	48	Female	96	10-11-2024
365	Romona Capitano	48	Female	98	30-10-2023
367	Katrinka Sturrock	40	Female	93	23-07-2024
370	Trstram Bondesen	26	Male	91	11-10-2023
373	Eva Colenutt	24	Female	95	17-03-2024
374	Valdemar MacCoughen	33	Male	81	18-02-2024
376	Marena Brunotti	58	Female	60	30-12-2023
377	Levy Bonavia	25	Male	65	08-08-2024
378	Raquela Yuille	50	Female	98	15-11-2024
380	Teriann Birdsey	68	Female	66	05-09-2023
381	Leesa Castleman	28	Female	99	16-11-2024
382	Issiah Fardell	39	Male	68	14-03-2024
384	Friederike Bestar	48	Female	70	01-02-2024
385	Kendall Humes	58	Male	69	09-02-2024
386	Ethelyn Pincott	34	Female	63	30-10-2024
388	Carlye Bartle	58	Female	53	13-02-2025
389	Dorene Scrivner	49	Female	97	20-08-2024
390	Royall Slimings	27	Male	83	10-11-2023
391	Duffie Woodier	54	Male	80	01-10-2023
394	Roanne Cowthard	47	Female	70	11-01-2024
396	Peria Iscowitz	58	Female	98	31-12-2023
397	Nerissa Foote	43	Female	86	21-09-2023
400	Sibeal Fellow	62	Female	86	12-03-2023
401	Halette Helling	38	Female	56	31-05-2024
404	Sinclair Sustins	29	Male	92	02-10-2023
406	Rhona Spilsburie	37	Female	58	23-03-2023
407	Chryste Acum	46	Female	82	02-06-2023
408	Kurtis Baistow	33	Male	79	24-01-2025
409	Tatiania O'Kane	47	Female	84	24-02-2023
411	Cathyleen Bern	47	Female	84	28-09-2023
412	Evanne Feechum	64	Female	65	26-12-2023
413	Simone Denys	67	Male	79	22-03-2024
418	Jere Ding	66	Female	56	23-05-2023
420	Clem Leek	66	Male	93	12-06-2023
422	Vito Norker	23	Male	78	20-02-2024
424	Dennie Eunson	47	Male	77	21-10-2023
425	Michaeline Bordman	71	Female	60	10-02-2025
427	Giusto Torbett	28	Male	77	27-03-2023
432	Amby Pentin	35	Male	83	02-10-2024
433	Reinhard Jubert	60	Male	94	03-11-2023
434	Raff Waadenburg	29	Male	93	14-03-2024
436	Erwin Pendre	67	Male	75	26-09-2023
441	Felicle Beneze	50	Female	74	30-11-2023
445	Timothy Wenham	40	Male	91	28-12-2024
446	Marilee Oosthout de Vree	46	Female	73	28-04-2024
447	Brittany Peasey	23	Female	98	04-01-2025
449	Shana Fortesquieu	50	Female	74	05-09-2023
453	Cornelius Yarmouth	125	U	81	19-06-2023
454	Eugenie Domenc	125	U	58	16-09-2023
455	Mile Dionisii	33	Male	97	29-08-2023
457	Querida Danilchev	44	Female	70	01-06-2023
458	Osborn Pentony	55	Male	57	07-07-2023
459	Bel Cheeke	38	Female	88	19-08-2024
3790	Kurtis Morson	39	Male	91	11-10-2024
465	Alina Wilsey	34	Female	54	07-03-2023
466	Jarad Bauser	71	Male	84	21-07-2024
467	Welbie Rockliffe	51	Male	51	31-03-2023
469	Levi Cartmell	23	Male	91	03-06-2024
471	Libby Wardesworth	34	Female	82	22-08-2024
474	Consolata Clacson	28	Female	86	09-07-2023
476	Kane Jahnel	64	Male	65	28-10-2024
478	Darcey Harberer	30	Female	65	10-06-2024
480	Darelle Ive	34	U	67	28-05-2024
481	Marcella Manzell	62	Female	68	24-08-2024
484	Mason Kohrsen	50	Male	64	07-06-2024
487	Elayne Braiden	44	Female	70	23-11-2024
492	Pail Ashplant	64	Male	54	26-08-2023
493	Tommie Banbridge	49	Female	83	02-01-2024
495	Lucius Prescott	49	Male	91	10-10-2023
497	Allissa Brinklow	46	Female	96	25-11-2023
498	Emmalee Sketcher	63	Female	58	13-04-2024
501	Henrieta MacClancey	54	Female	94	11-10-2024
503	Burr Gerb	29	Male	87	23-05-2024
504	Vinny Hegley	58	Male	93	16-01-2024
507	Gwen Jakubczyk	54	Female	98	06-07-2024
508	Abagail Tordiffe	45	Female	94	26-11-2024
509	Tobe Vamplew	32	Male	64	04-05-2023
510	Sheilah Blackmore	42	Female	61	15-01-2024
511	Theo Tolmie	69	Female	92	04-03-2023
512	Sigfried Semken	125	Male	76	09-01-2024
515	Winna Verny	67	Female	55	14-06-2024
517	Iona Fidgeon	33	Female	73	05-04-2024
518	Bernhard Senett	24	Male	60	19-06-2024
519	Rabi Nissle	60	Male	83	30-06-2023
520	Jazmin Neumann	46	Female	66	17-06-2023
522	Lynnelle Comettoi	50	Female	64	08-11-2023
525	Lennard Donizeau	125	Male	64	02-05-2024
527	Lorilyn Topaz	45	Female	81	28-06-2023
531	Modesty Fletcher	64	Female	94	07-05-2023
535	Gracie Merrifield	65	Female	67	31-01-2024
536	Jannelle Leist	35	Female	64	21-03-2024
539	Hobie Knappett	23	Male	53	04-03-2023
540	Tresa Dy	59	Female	80	03-05-2023
542	Berri McManamen	51	Female	78	18-03-2024
544	Giacomo Johanning	46	Male	51	25-09-2023
546	Jorie Pigott	28	Female	80	31-03-2023
548	Georgie Cudbertson	39	U	84	23-09-2023
549	Abrahan Luckman	48	Male	84	02-04-2024
552	Hilly Kleinmann	45	Male	66	10-10-2023
553	Charlean Fantone	69	Female	62	06-01-2025
555	Jarib Senior	67	Male	99	12-10-2023
556	Oralia Gifford	63	Female	69	26-01-2025
557	Cassie Morley	51	Female	67	05-09-2023
558	Allene Claypole	36	Female	96	27-08-2024
561	Karin Burkill	54	Female	99	14-04-2023
562	Lindy Fitzpayn	50	Female	88	11-10-2024
566	Datha McPheat	59	Female	66	16-07-2024
567	Hashim O'Leahy	67	Male	73	01-01-2025
574	Gerard Steketee	68	Male	95	28-07-2023
575	Etan Poyle	47	Male	64	10-07-2023
576	Bart Eakle	68	Male	98	24-11-2023
578	Charyl Haimes	50	Female	72	01-04-2024
579	Cathlene Bellas	49	Female	89	01-03-2023
580	Johnathan Audiss	55	Male	83	07-01-2024
583	Tirrell Haysham	29	Male	97	04-01-2025
585	Tiphany Bonnier	25	Female	66	11-04-2023
586	Jayme Baunton	58	Female	63	06-01-2024
589	Duff Anan	36	Male	76	25-10-2023
590	Ddene Burleton	50	Female	85	26-04-2024
592	Edik Connichie	40	Male	73	28-12-2024
593	Eugenius Packe	44	Male	64	26-11-2023
594	Humfrey Frankland	51	Male	74	23-02-2023
595	Nikola Jeanon	56	Male	72	25-10-2023
600	Duke Allnatt	32	Male	65	07-08-2024
601	Ken Renfree	32	Male	56	11-07-2023
604	Mella Petrovsky	52	Female	72	05-02-2024
606	Filia Rosson	48	Female	62	26-10-2023
607	Adelaida Redmond	45	Female	55	04-11-2023
608	Alisun Heinecke	24	Female	55	06-08-2024
611	Otto Huriche	63	Male	58	17-04-2023
612	Grange Skillington	35	Male	50	09-02-2024
615	Rebeca Martonfi	29	Female	93	16-12-2023
617	Idell Cole	62	Female	81	20-09-2024
620	Willy Langley	60	Female	54	04-05-2024
621	Constantin Giacobbo	56	Male	78	28-04-2024
623	Hazel Brokenshire	49	Male	52	12-08-2023
630	D'arcy Rowden	58	Male	90	04-06-2023
632	Angeli O'Hegertie	38	Male	67	20-03-2023
633	Alair Hopkins	47	Male	51	21-12-2024
635	Joelle Prior	53	Female	78	29-09-2023
637	Mercy Wilsone	57	Female	60	28-04-2023
639	Mayor Ismay	49	Male	51	13-08-2023
641	Foster Haysar	52	Male	86	14-07-2023
644	Tomlin Hastwall	53	Male	59	24-03-2024
645	Randolf Durant	51	Male	50	12-09-2024
647	Stanislas Baildon	46	Male	61	13-09-2023
648	Gardiner Nutley	50	Male	86	25-06-2024
650	Matthew Petschelt	51	Male	81	03-11-2024
651	Minni Deegin	28	Female	76	18-11-2023
652	Edee Stoker	57	Female	62	08-12-2023
653	Maxy Hurles	31	Male	68	19-05-2023
655	Stuart Gebhardt	46	Male	64	30-08-2024
656	Marty Lebreton	32	Female	80	07-03-2023
657	Hoyt	81	Male	66	07-02-2025
660	Stormi	36	Female	82	03-11-2023
665	Chan Kirckman	41	Male	82	04-11-2024
666	Anselma Ricardon	30	Female	82	15-11-2023
667	Nicoline Samwayes	58	Female	62	07-03-2023
668	Ebony Threadgall	44	Female	61	17-12-2023
669	Fleur Whittlesea	32	Female	73	07-02-2024
670	Janifer Pountain	40	Female	75	11-11-2023
672	Kleon Pallatina	49	Male	53	23-04-2024
674	Dalila Rosel	48	Female	61	21-12-2024
676	Curtis	27	Male	51	20-08-2024
677	El Toupe	29	Male	59	28-12-2023
678	Ambur Symcoxe	50	Female	57	23-07-2023
681	Jobyna Elgey	53	Female	55	20-12-2023
682	Ole Euplate	62	Male	53	07-05-2023
683	Brennan Gagen	37	Male	60	21-03-2023
684	Malvin	125	Male	88	22-06-2023
686	Hallie Le feaver	66	Female	60	11-07-2024
688	Baron Bullus	58	Male	90	15-09-2024
689	Hamnet Berford	37	Male	91	21-05-2024
690	Lindsey	70	Male	95	26-09-2024
694	Lilith Lanning	47	Female	66	28-10-2023
696	Arch Gaitskill	38	Male	57	26-08-2024
698	Ellette Fahy	52	Female	90	27-09-2023
700	Josias Mulliner	68	Male	67	29-05-2024
702	Zorina Bosomworth	58	Female	72	21-09-2023
703	Ethelda	26	Female	66	30-05-2023
707	Homere Rounds	38	Male	97	29-03-2023
709	Holly Cavil	54	Female	83	09-08-2023
710	Benton Oakly	52	Male	76	24-04-2023
711	Audrey Vickerman	63	Female	60	21-12-2024
715	Royal Shinn	45	Male	50	16-08-2023
717	Basilius Spieck	47	Male	65	29-03-2024
720	Darrel Canet	31	Male	67	31-08-2023
721	Harmonia Cornock	68	Female	84	22-03-2024
722	Stewart Brosoli	61	Male	69	08-06-2024
725	Gage Crossan	47	Male	61	23-11-2024
726	Norma Blackbourn	46	Female	69	24-11-2024
727	Lenci Duerden	68	Male	98	16-02-2025
728	Winthrop Corser	51	Male	60	27-10-2024
731	Lorenza Cawthorne	58	Female	57	12-08-2024
732	Bonita Gethins	51	Female	71	29-05-2023
737	Sisely Oppy	40	Female	75	27-08-2024
738	Bunnie Whines	60	Female	51	03-04-2023
742	Dexter Robelin	43	Male	55	15-02-2024
743	Pattin Morican	47	Male	89	16-12-2023
744	Heinrik	46	Male	54	26-02-2024
745	Dotty Maylott	60	Female	84	11-05-2024
747	Eula Bruni	43	Female	91	16-12-2023
748	Linet Postill	52	Female	51	12-11-2024
756	Carin Lauthian	47	Female	65	02-08-2024
757	Kinsley Klimus	57	Male	91	05-11-2024
758	Teena Birrel	61	Female	99	24-06-2024
759	Mitchel Schimek	46	Male	89	24-10-2023
762	Kerwin Jossel	37	Male	91	07-02-2025
763	Benita Cuffley	47	Female	95	13-12-2023
765	Valeria Chazette	49	Female	50	28-08-2024
767	Gustav Kos	51	Male	70	26-05-2023
769	Cameron Letherbury	41	Male	65	10-02-2024
773	Robbie Handaside	26	Male	77	30-12-2023
774	Phelia Perotti	42	Female	79	13-01-2025
775	Nikita Kilby	44	Male	66	20-02-2023
781	Elvis O'Leagham	48	Male	80	24-08-2024
788	Gregg Townsend	46	Male	62	19-07-2024
789	Gabrielle Giraudot	56	Female	69	14-09-2023
793	Kissie Delong	69	Female	97	07-10-2024
794	Scott Ommundsen	51	Male	99	18-07-2023
797	Meridel Rawet	36	Female	51	24-10-2023
800	Quint Popov	44	Male	68	17-12-2024
802	Ailyn Carberry	25	Female	50	08-01-2024
803	Nina Murcutt	25	Female	96	17-12-2024
804	Henrietta Seater	64	Female	98	26-12-2024
806	Carter Kaesmakers	44	Male	66	06-08-2024
809	Nevsa Washtell	26	Female	83	05-09-2024
814	Raffarty Giacomoni	50	Male	60	15-07-2023
816	Donni Boor	32	Female	71	26-12-2023
822	Ardis Tomlett	35	Female	67	05-03-2024
823	Stesha Morecombe	47	Female	91	22-01-2024
824	Fleurette Whardley	49	Female	97	12-02-2024
826	Marc Waddilove	28	Male	92	21-04-2024
827	Phillis Rudwell	67	Female	90	02-08-2023
828	Darda Kernocke	24	Female	93	23-11-2024
829	Byran Goodfield	43	Male	84	08-11-2023
830	Jayson Chilcott	51	Male	58	25-05-2023
835	Zachary Matyukon	34	Male	85	10-04-2024
840	Chas Carabet	58	Male	94	24-03-2023
841	Hanan McGreay	25	Male	93	22-01-2024
842	Mahmud Dobbson	35	Male	59	18-01-2024
843	Salomone Sleford	47	Male	80	27-07-2023
845	Koressa Maris	70	Female	51	27-05-2023
846	Alvan Rebichon	33	Male	60	29-09-2023
847	Kelci Morrison	45	Female	66	06-04-2024
848	Lannie Chat	55	Male	79	09-07-2023
849	Sylvan Capper	24	Male	72	18-11-2024
850	Nevin Hanfrey	37	Male	79	07-05-2024
855	Bennie Llywarch	36	Female	74	19-05-2024
856	Peyton Monkeman	60	Male	63	19-06-2024
858	Barby Charlwood	46	Female	79	21-11-2023
859	Devinne Tommeo	44	Female	53	17-09-2023
860	Ida	47	Female	80	15-08-2023
861	Rebekah Dmych	47	Female	73	01-09-2023
862	Worden Fossitt	63	Male	83	06-11-2024
865	Germain De la Harpe	52	Female	73	16-02-2024
868	Effie Duddy	40	Female	84	13-08-2024
870	Hugh Wilce	33	Male	63	17-07-2023
874	Howard Oseland	25	Male	78	06-02-2024
877	Didi Milne	42	Female	92	12-09-2024
879	Hestia Smetoun	61	Female	58	20-01-2025
881	Carmella O' Lone	59	Female	82	21-03-2023
882	Esmaria Lythgoe	125	Female	59	06-04-2024
883	Lolita Bennie	47	U	73	29-01-2025
886	Dawna McCullen	27	Female	53	18-12-2023
887	Patrizius Hardinge	61	Male	55	09-07-2023
888	Chickie Gulleford	58	Female	62	22-02-2023
890	Tony Cordsen	43	Female	55	17-08-2023
893	Gibby Fearnley	54	Male	97	06-09-2024
895	Juli Curness	46	Female	58	16-10-2023
898	Reyna Braizier	61	Female	53	16-11-2023
904	Kariotta Ludman	47	Female	51	27-04-2024
906	Cammy Marcroft	46	Male	73	07-11-2023
907	Eamon McWhin	44	Male	51	07-12-2023
908	Carry Tomlett	65	Female	86	05-05-2024
909	Suzette Surgison	38	Female	77	02-11-2024
910	Lewes Foulcher	50	Male	50	05-10-2023
911	Marcellus Shawcroft	56	Male	62	01-02-2025
913	Dayle Spearman	25	Female	67	08-03-2024
914	Marc Egleton	40	Male	73	11-01-2025
917	Odo MacKaig	49	Male	63	26-08-2024
918	Mahmud Chiles	37	Male	73	02-06-2024
920	Stefano Thornborrow	45	Male	89	27-01-2025
921	Gretchen Seneschal	52	Female	77	12-04-2024
922	Bekki Ralston	47	Female	52	22-08-2024
928	Porty Clemmitt	59	Male	61	13-01-2024
930	Evelina Dinan	25	Female	86	07-04-2024
931	Katrina Sappson	35	Female	59	08-07-2024
933	Melany L'oiseau	29	Female	75	01-06-2024
934	Marcellus Louisot	30	Male	76	15-03-2024
935	Aldin Cracker	36	Male	76	09-08-2024
936	Raffaello Godleman	39	Male	64	28-12-2023
937	Nikolos McKyrrelly	28	Male	65	30-10-2024
939	Cristian Theodoris	37	Male	53	29-05-2024
943	Holly Gamett	49	Male	94	17-09-2024
944	Anderea Dallewater	26	Female	53	29-07-2023
945	Hebert Bernocchi	63	Male	59	30-05-2023
954	Alain Immins	35	Male	76	25-08-2023
955	Teresina Gibbie	64	Female	78	26-08-2023
957	Jamima Gannan	61	Female	80	23-01-2025
961	Rosamund Shelton	47	Female	73	20-02-2023
963	Valery Haresign	31	Female	56	29-08-2023
965	Meggie Whitchurch	46	Female	86	24-04-2023
966	Krystyna Linning	25	Female	70	19-12-2023
968	Wayne Woodfin	46	Male	96	07-06-2024
972	Dena Crewdson	45	Female	81	28-11-2024
974	Mellicent Dollin	125	Female	92	14-02-2024
977	Olga Dyke	43	Female	65	09-01-2024
984	Luciano Weddup	54	Male	89	28-02-2023
987	Lars Keher	44	Male	89	30-04-2023
990	Melissa Purple	33	Female	56	06-05-2024
993	Reine Semken	47	Female	71	11-09-2023
994	Rhetta Kupker	59	Female	62	30-11-2023
996	Aura Bemlott	43	U	67	21-04-2024
998	Petunia Dufton	36	Female	66	18-04-2024
1001	Finley Vost	46	Male	63	25-10-2024
1002	Pacorro De Clairmont	57	Male	65	30-07-2023
1005	Kalila Birtwistle	47	Female	94	06-02-2024
1007	Cord Warriner	49	Male	58	04-01-2024
1013	Corissa Zienkiewicz	64	Female	53	22-08-2023
1014	Miller Faloon	69	Male	60	17-12-2024
1017	Jacquenette Pluthero	30	Female	88	07-12-2024
1022	Suzann Wilks	33	Female	56	01-12-2023
1025	Ario Jeromson	30	Male	69	01-07-2023
1026	Vernon Hakking	58	Male	66	18-10-2024
1029	Forbes Londors	62	Male	71	18-01-2025
1031	Roi Ogden	46	Male	75	11-04-2024
1033	Jacob Claringbold	48	Male	70	29-11-2023
1035	Kara-lynn Doddridge	55	Female	77	08-09-2023
1037	Sissie Rielly	125	Female	95	17-11-2023
1038	Fraser Acome	49	U	57	18-04-2024
1040	Jacenta Wedlock	65	Female	78	15-07-2024
1041	Free Bonniface	49	Male	95	09-01-2024
1045	Aeriel Everest	69	Female	88	13-06-2024
1048	Braden Lamming	28	Male	99	05-03-2024
1053	Davon Stanyland	41	Male	98	20-11-2024
1056	Kendricks Markel	55	Male	96	12-11-2024
1057	Laryssa Durdle	37	Female	73	12-10-2024
1059	Chantal Plante	63	Female	68	23-12-2023
1060	Vanda Boadby	36	Female	88	02-01-2024
1069	Reese Titterington	29	Male	85	26-11-2024
1071	Chrisy Miranda	67	Male	68	15-06-2024
1072	Curt Petrello	44	Male	60	12-12-2023
1073	Elbertina Donne	50	Female	77	23-12-2024
1078	Abe Pilley	47	Male	69	18-11-2023
1079	Dennie L' Anglois	25	Male	70	06-11-2024
1080	Monah Talbot	39	Female	70	25-05-2023
1082	Guinevere Kelby	28	U	90	10-03-2023
1084	Serena Jagson	49	Female	54	10-03-2023
1086	Ezechiel Parnall	45	Male	84	24-01-2024
1089	Korney Hess	49	Female	90	03-07-2023
1092	Katlin Creddon	28	Female	56	18-10-2023
1093	Clarita Penright	49	Female	63	25-03-2023
1097	Gwenora Grabbam	36	Female	71	07-12-2024
1098	Maure Crow	50	Female	99	11-06-2024
1100	Cord Braundt	56	Male	59	23-08-2023
1101	Haily McWilliams	48	Female	76	25-02-2023
1103	Glynnis Sailor	65	Female	76	30-10-2024
1104	Jewelle Pincott	35	Female	82	11-10-2023
1107	Maridel Whitby	62	Female	70	21-10-2024
1108	Ginnie Farriar	35	Female	86	03-04-2023
1110	Lazar Cherryman	64	Male	73	08-04-2024
1111	Zach Maynard	43	Male	96	27-12-2024
1114	Evonne Southan	55	Female	96	13-06-2024
1116	Tori Coche	49	Female	59	28-10-2024
1117	Georgena Guilaem	49	Female	83	02-12-2024
1118	Colline Coulman	48	Female	95	17-01-2024
1120	Jacquelyn Rowlinson	41	Female	87	22-11-2023
1122	Gerladina Carney	62	Female	59	27-10-2024
1123	Dominick Downey	60	Male	50	27-02-2024
1126	Atlante Sonley	33	Female	77	26-08-2024
1130	Juli Prine	68	Female	90	27-08-2024
1132	Coriss Darkott	57	Female	99	28-01-2024
1133	Forrester McFetridge	30	Male	88	14-04-2023
1135	Mireielle Avrasin	47	Female	60	01-12-2024
1136	Ivan Blackhall	47	Male	72	05-07-2023
1138	Elli Loxdale	42	Female	77	23-12-2024
1139	Shellysheldon Wickey	38	Male	52	14-12-2023
1141	Shannah Gritsaev	26	Female	70	19-04-2024
1142	Michal Paiton	69	Male	95	18-11-2024
1143	Goraud Boissieux	28	Male	64	01-12-2023
1144	Damon Phelip	59	Male	73	13-01-2024
1145	Korella Begin	32	Female	80	27-04-2024
1146	Hadleigh Birley	56	Male	88	28-12-2024
1147	Tate Studholme	37	Male	71	31-05-2024
1148	Inigo Ojeda	57	Male	60	11-06-2023
1150	Bernelle Warwick	59	Female	64	27-01-2025
1153	Mirilla Lothlorien	50	Female	53	07-12-2024
1155	Janetta Hartrick	27	Female	73	09-04-2023
1157	Saunder Camerati	40	Male	69	20-12-2024
1158	Butch Geertje	32	Male	85	21-03-2023
1159	Elbert Bridgement	59	Male	94	07-01-2025
1160	Trisha Nisuis	48	Female	98	31-12-2023
1161	Sibylle Cutsforth	34	Female	86	16-02-2025
1163	Manolo Dwire	48	Male	77	12-05-2023
1164	Gilligan Mowat	31	Female	97	20-07-2023
1165	Fanni Wakelin	52	Female	58	10-05-2024
1170	Lari Rotte	53	Female	62	20-04-2024
753	Josy St. Quentin	125	Female	82	22-04-2024
1173	Gertie Chaim	39	Female	58	06-11-2023
1179	Kerry Pashenkov	46	Male	56	05-10-2023
1182	Carolann Ottiwill	56	Female	84	07-02-2025
1183	Joe Shalliker	24	Male	50	25-10-2023
1184	Auberta Teodori	47	Female	89	06-11-2024
1186	Brantley Cecchi	40	Male	70	29-11-2023
1187	Antonino Hogben	36	Male	65	26-01-2025
1190	Sib Gilby	55	Female	67	24-08-2024
1193	Quintus Whear	46	Male	58	11-04-2023
1194	Audry Scurrey	26	Female	69	20-08-2023
1198	Alina Rickson	50	Female	73	05-10-2024
1202	Rollie	53	Male	90	19-08-2024
1210	Shandie Sprigg	56	U	81	11-12-2024
1213	Matthieu Schruur	57	Male	80	02-08-2023
1215	Dyann Turbard	56	Female	79	02-04-2023
1217	Dulcinea Janssen	53	Female	67	06-06-2024
1219	Kaine Parkeson	29	Male	93	18-12-2024
1221	Byrom Draisey	60	Male	75	08-04-2024
1222	Barbey Ville	47	Female	83	11-11-2023
1227	Carlina Pencot	25	Female	63	05-05-2023
1230	Eben Powley	65	Male	61	12-05-2023
1231	Aloisia Shawel	46	Female	94	21-10-2024
1232	Stillmann Wilfling	59	Male	83	01-08-2023
1234	Rancell Yven	50	Male	87	11-02-2025
1236	Bryanty Megarrell	46	Male	75	26-02-2023
1240	Pen Earey	52	Female	64	25-04-2023
1243	Robbert Blakey	30	Male	73	11-01-2024
1244	Glenn Tinham	31	U	80	15-09-2024
1246	Ibrahim Wibrew	61	Male	94	18-03-2024
1251	Codie Arnecke	28	Male	63	02-09-2024
1253	Mahalia	42	Female	81	05-03-2024
1254	Quillan McDuffie	38	Male	60	18-06-2024
1258	Nefen Ferriere	35	Male	89	20-01-2025
1260	Fremont Spawton	57	Male	92	29-01-2024
1261	Candice Lohde	51	Female	61	19-08-2024
1262	Aindrea MacConchie	30	Female	90	14-12-2024
1265	Kipper Monck	45	Male	72	07-08-2024
1266	Harry	35	Male	68	15-09-2024
1269	Ravid Kilgallon	30	Male	56	13-03-2023
1270	Cullen Langshaw	39	Male	72	23-12-2023
1271	Jo-anne Pringer	50	Female	71	10-01-2024
1275	Francisca Whittek	52	Female	70	04-10-2024
1280	Horacio Peyntue	44	Male	71	31-01-2025
1282	Garald Pidler	49	Male	99	27-02-2024
1286	Mina Clawley	45	Female	83	15-11-2023
1287	Nicko Saddleton	51	Male	72	22-04-2023
1288	Abra Cuardall	57	Female	51	04-11-2024
1292	Alice Backson	50	Female	56	11-02-2024
1293	Vidovic Fretson	28	Male	89	25-09-2023
1295	Irving Murton	44	Male	66	06-10-2024
1296	Essy Vondrak	50	Female	61	30-04-2024
1297	Shay Gimbart	48	Male	91	03-04-2024
1299	Maddy Aiskovitch	33	Female	72	08-02-2025
1303	Nollie Guilliatt	54	Male	64	22-05-2024
1305	Averil Gentiry	54	Male	97	16-08-2023
1307	Emlyn Musgrave	47	Female	73	30-12-2023
1309	Adlai Fabry	40	Male	95	20-11-2024
1311	Sharona Cunah	39	Female	89	17-03-2024
1312	Magda Baugh	54	Female	96	25-11-2024
1313	Hughie Laboune	51	Male	59	22-05-2024
1316	Steven Castellaccio	58	Male	79	05-11-2023
1324	Randie Arnowitz	58	Female	88	22-08-2023
1325	Ty Belliard	29	Male	67	17-02-2024
1327	Sarita Khosa	35	Female	57	18-07-2024
1329	Wendy Randlesome	37	Female	65	23-03-2023
1332	Garek De la Barre	26	Male	87	22-07-2024
1334	Cicily Jenks	35	Female	72	31-12-2024
1335	Sibylla Marlon	36	Female	57	01-06-2024
1336	Moise Inde	44	Male	83	23-08-2023
1338	Giuseppe Tezure	47	Male	53	12-01-2025
1339	Mariam Guiel	38	Female	82	17-10-2023
1341	Parry Rigolle	45	Male	65	18-07-2023
1343	Creight Deery	64	Male	67	14-01-2025
1345	Jeth Marien	47	Male	94	08-09-2023
1348	Lowe Hinckes	67	Male	88	27-01-2025
1349	Curran Gush	125	Male	83	08-06-2023
1352	Jerald Lesly	24	Male	53	12-03-2024
1357	Waylin Eassom	31	Male	69	09-10-2023
1359	Estrella Carwithen	60	Female	54	05-10-2023
1361	Gradeigh Saltmarshe	63	Male	56	15-09-2023
1364	Selby Cabbell	50	Male	99	27-06-2023
1365	Shurlocke Pirie	51	Male	97	19-05-2023
1367	Fredrika Danielkiewicz	30	Female	63	10-12-2024
1368	Aarika Magog	38	Female	54	30-05-2024
1369	Ilka Allabush	65	Female	51	20-09-2023
1374	Cleveland Spilling	58	Male	76	26-02-2023
1376	Pail	46	Male	89	20-12-2024
1377	Giacomo Roseburgh	35	Male	86	06-12-2024
1379	Lou Drews	39	Female	63	21-11-2023
1380	Lavina Clavey	35	Female	99	15-06-2024
1381	Ellary Ramsey	67	Male	79	06-05-2023
1383	Coriss Casarino	67	Female	81	21-06-2023
1386	Mufinella Kalvin	52	Female	71	03-01-2025
1388	Carny Shilstone	25	Male	86	16-09-2024
1390	Christyna Feldberg	25	Female	74	09-05-2023
1391	Winni Cana	48	Female	62	16-03-2023
1393	Adria MacRorie	67	Female	96	07-03-2024
1394	Freemon Perago	37	Male	50	08-03-2024
1395	Jandy Pennazzi	46	Female	83	08-11-2023
1399	Kaye Clulow	46	Female	84	08-11-2023
1400	Rikki Eytel	23	Female	51	02-03-2023
1401	Ashien Winspare	44	Female	68	25-08-2024
1402	Hillier Andraud	67	Male	58	21-07-2024
1404	Emmott Mercik	54	Male	78	11-08-2024
1405	Kylie Spriggin	44	Female	52	01-05-2023
1409	Tiffi Hartless	30	Female	69	14-08-2024
1414	Allison Clowton	57	Female	57	04-07-2023
1415	Merilyn Dikle	65	Female	68	30-10-2023
1416	Fraze Face	48	Male	90	17-08-2024
1418	Valaria Hugh	65	Female	80	24-11-2023
1421	Mallorie Gouth	65	Female	74	15-01-2024
1423	Tiphanie Klossek	38	Female	51	10-04-2023
1424	Allin Arbuckel	68	Male	56	06-06-2024
1426	Allyn Carswell	26	Female	72	10-06-2023
1428	Morissa Ozintsev	25	Female	93	13-11-2024
1429	Dante Jikylls	49	Male	94	30-08-2024
1430	Kalli Pigeram	26	Female	86	02-09-2023
1432	Hiram Kittiman	51	Male	70	27-09-2023
1435	Derek Podmore	50	Male	96	21-06-2023
1439	Leupold Detoc	47	Male	97	19-07-2023
1444	Claudian Ruos	37	Male	97	02-10-2024
1445	Bettine Yoselevitch	28	Female	57	01-12-2024
1446	Gabriello Nell	36	Male	51	10-09-2024
1452	Zachery Hamber	45	Male	99	15-10-2024
1453	Ahmed	32	Male	54	19-12-2023
1456	Berkie Croall	68	Male	97	16-05-2023
1457	Leonore Slixby	26	Female	99	09-07-2024
1459	Haydon Berkery	68	Male	89	19-09-2023
1460	Morley Shutt	29	Male	92	28-12-2024
1461	Earl Skeels	59	Male	71	17-05-2023
1463	Willie Landsberg	54	Male	53	14-12-2023
1465	Wilona Osgood	49	Female	53	10-04-2023
1466	Cyndia Gull	47	Female	62	05-02-2024
1469	Shermy	46	Male	77	11-04-2023
1470	Albie Pach	60	Male	62	20-05-2023
1471	Berri Farr	64	Female	88	19-09-2024
1474	Farley Rosen	38	Male	54	28-02-2024
1480	Bird Diess	45	Female	83	11-10-2023
1481	Ellissa Stanney	53	Female	93	22-05-2023
1483	Beth Daile	55	Female	55	24-06-2023
1485	Meredeth Luck	45	Male	50	11-07-2024
1487	Kaela Soppett	31	Female	58	05-11-2023
1488	Donnamarie Andrieu	55	Female	82	03-01-2024
1491	Agneta Swiggs	37	Female	96	07-12-2024
1492	Cordey Tomik	38	Female	51	13-06-2023
1493	Lisabeth Fundell	35	Female	51	22-03-2024
1497	Karole Grinin	51	Female	70	14-11-2024
1498	Janot McGougan	65	Female	84	24-12-2024
1499	Patton Wrey	51	Male	88	15-04-2023
1500	Bellina Bradberry	34	Female	82	21-01-2025
1501	Shelby Trayhorn	56	Female	74	26-01-2024
1502	Margalit Handrick	50	Female	52	15-12-2024
1504	Coop Corneck	66	Male	98	07-01-2024
1505	Cristian Trounce	47	Male	90	03-01-2025
1507	Holmes Benkin	125	Male	97	22-11-2024
1508	Orv Milland	66	Male	80	25-09-2024
1510	Timmie Chitty	45	Male	94	03-09-2024
1511	Yves Trehearne	54	Male	97	26-07-2024
1512	Chandler	63	Male	89	01-03-2024
1515	Dietrich Escott	37	Male	80	20-02-2024
1517	Murdoch Twort	23	Male	90	12-03-2024
1518	Dallon Greatreax	59	Male	66	10-11-2024
1520	Dillie Wilstead	30	Male	95	07-03-2023
1522	Hubie Thunnerclef	49	Male	57	18-03-2024
1523	Brnaba Dighton	58	Male	78	05-06-2024
1526	Charlie MacKibbon	41	Male	50	25-06-2024
1528	Ranee Henriksson	49	Female	78	18-10-2023
1530	Alexandr Maylard	52	Male	89	01-10-2023
1533	Sonia Rous	27	Female	59	15-05-2024
1534	Rosabelle Hollington	45	Female	74	27-10-2023
1535	Emanuel Baukham	55	Male	80	02-10-2023
1538	Ahmed Edmondson	62	Male	74	29-10-2023
1540	Ilene Agett	46	Female	53	16-10-2023
1542	Sanders Fernyhough	61	Male	56	21-06-2024
1544	Keane Moneypenny	68	Male	75	02-03-2024
1547	Chiquita Billyard	27	Female	82	18-09-2024
1548	Perla Cortnay	38	Female	70	12-09-2023
1549	Vikki Tett	49	Female	87	14-05-2023
1552	Cully Mangeon	30	Male	80	30-08-2023
1553	Vanna Matts	62	Female	68	06-05-2024
1554	Land Aarons	38	Male	83	11-01-2025
1555	Marcello Spenclay	49	Male	60	14-02-2024
1557	Efren Castanos	49	Male	64	06-11-2024
1559	Hilton Gladwell	49	Male	63	24-02-2024
1565	Jay Janiszewski	53	Male	71	20-04-2023
1566	Stavros Goodinson	44	Male	95	02-02-2024
1568	Bellanca Strutz	29	Female	78	19-11-2024
1569	Dave Mews	44	Male	87	14-01-2024
1570	Phil Dodle	67	Female	70	26-08-2023
1572	Tam Jahner	29	Male	51	02-08-2024
1575	Phaidra Jindacek	48	Female	82	11-05-2024
1576	Reube Roscrigg	46	Male	77	20-01-2025
1577	Diannne Teager	47	Female	87	19-01-2024
1578	Andreas Bazely	43	Male	60	13-04-2024
1584	Susanetta	39	Female	93	05-02-2024
1585	Stillman Sackur	38	Male	87	10-01-2025
1589	Walker Bartalot	48	Male	83	04-03-2024
1593	Tommy Kupisz	48	Female	69	29-06-2024
1594	Rolando Amyes	55	Male	62	10-10-2023
1597	Jeffry Slowly	25	Male	93	07-10-2024
1598	Guendolen Betterton	39	Female	87	24-06-2024
1599	Ozzy Silver	32	Male	65	24-05-2024
1602	Shamus Dennerly	64	Male	68	09-06-2023
1603	Osgood Emerine	36	Male	89	10-06-2024
1604	Natale Duinbleton	44	Male	51	17-10-2024
1605	Latrena Ker	37	Female	72	21-09-2023
1606	Shayne Ellesworthe	66	Female	93	22-07-2024
1608	Fernande Petzolt	70	Female	87	22-06-2023
1609	Reginald Hanwright	53	Male	64	04-02-2025
1610	Valaree Chisolm	37	Female	75	29-01-2025
1611	Terencio	47	Male	93	16-05-2023
1612	Wendel Headland	40	Male	70	08-06-2023
1615	Evvie Crack	46	Female	75	16-08-2024
1616	Shamus Attenbrough	58	Male	75	07-07-2024
1617	Jannelle Ort	53	Female	97	13-12-2024
1618	Andee Scardifeild	32	Female	90	19-05-2024
1619	Matteo Hallum	50	Male	83	29-05-2024
1626	Fanchon Fist	125	Female	82	26-03-2024
1630	Sonni Lindstedt	39	Female	63	28-11-2023
1636	Karly Ackenhead	32	Female	65	26-10-2024
1637	Timothee Mervyn	62	Male	78	01-04-2023
1638	Zachery Monkhouse	30	Male	55	11-08-2023
1642	Nollie Matteoli	55	Male	97	03-03-2024
1644	Gaby Harriot	30	Male	57	19-12-2023
1652	Ulrikaumeko Heffernon	35	Female	53	20-04-2023
1653	Florry Folbige	42	Female	80	20-08-2023
1654	Melli Sperwell	47	Female	67	09-10-2023
1656	Constantin Rodrigues	31	Male	59	06-10-2023
1659	Olva Sheehy	45	Female	75	26-10-2024
1660	Justinian Jekyll	68	Male	85	17-07-2023
1663	Analiese Grimsditch	47	Female	68	14-02-2025
1666	Launce Lording	59	Male	73	16-09-2023
1667	Jaime Simonnin	46	Male	67	05-04-2024
1668	Aurlie Bolter	46	Female	75	22-12-2024
1669	Jabez Glasspoole	68	Male	74	01-02-2024
1671	Nerty Renak	46	Female	69	01-12-2023
1674	Rahal Woodman	49	Female	97	18-08-2024
1675	Luke Wombwell	66	Male	76	08-10-2024
1676	Ozzy Olerenshaw	47	Male	63	30-12-2024
1677	Petrina Pollins	49	Female	56	01-01-2025
1679	Arabel Kayser	45	Female	92	30-07-2023
1681	Rupert Gilstoun	125	Male	78	04-12-2023
1682	Gerladina Cuddon	45	Female	93	09-01-2025
1683	Brenn Bacon	52	U	72	09-12-2023
1684	Janie Stonehewer	44	Female	96	11-06-2023
1686	Fremont Trundle	46	Male	95	22-01-2025
1688	Charmaine Suller	36	Female	80	26-01-2025
1691	Tomlin	59	Male	50	25-08-2023
1692	Harriette De Matteis	65	Female	85	06-08-2024
1693	Ring Birchall	33	Male	79	13-06-2024
1698	Christabella Eldredge	55	Female	58	20-08-2023
1704	Tremain Breadon	63	Male	96	03-12-2023
1711	Marie-jeanne Mattson	36	Female	81	08-07-2024
1712	Chad	26	Female	63	27-08-2024
1713	Jennica Jeeks	36	Female	89	08-09-2023
1714	Esma Rycroft	38	Female	80	20-08-2024
1717	Obadias Gristwood	51	Male	96	19-06-2023
1719	Devy Hannum	44	Male	71	07-09-2023
1720	Matilda Milton	61	Female	96	14-01-2025
1721	Delcine Hansod	38	Female	82	08-03-2024
1722	Fritz Geare	26	Male	52	20-11-2023
1723	Atalanta Stoeck	45	Female	90	05-06-2023
1725	Corena Postlewhite	46	Female	80	09-05-2023
1732	Elihu Cudworth	47	Male	95	08-02-2025
1734	Adriana Cullerne	26	Female	88	21-02-2023
1736	Garrek Rowbotham	39	Male	83	17-01-2024
1740	Faythe Janaszewski	66	U	83	27-03-2023
1743	Pall Creek	69	Male	80	31-01-2024
1746	Kev	68	Male	58	06-09-2023
1748	Skell Oxenden	65	Male	83	19-04-2023
1749	Debbi Petschelt	55	Female	66	22-01-2024
1752	Diane Busk	59	Female	92	16-04-2023
1756	Daron	53	Female	92	20-09-2024
1757	Hashim Hartwell	55	Male	68	15-01-2024
1759	Quillan Shortland	50	Male	52	29-06-2023
1760	Kelsy Barrowcliff	46	Female	68	07-12-2024
1761	Kassi List	30	Female	96	11-02-2024
1763	Suzie Ornillos	58	Female	96	09-07-2024
1766	Maye O'Moylane	51	Female	53	11-09-2023
1770	Chrysler Vasile	40	Female	63	28-11-2023
1772	Michael Foulis	46	Male	98	29-10-2024
1773	Nickolas Guittet	29	U	82	01-09-2023
1775	Kimberly Dishmon	30	Female	73	17-03-2023
1776	Korey Gate	24	Male	77	13-07-2024
1778	Emera Margrem	125	Female	72	13-04-2024
1779	Krishnah Firmage	59	Male	55	30-08-2023
1780	Maude Tixier	58	U	52	31-07-2024
1781	Sammie Uglow	29	Male	63	22-09-2023
1783	Brett McCalister	64	Male	55	12-02-2024
1786	Lonee Gorce	60	Female	70	28-11-2023
1788	Anna-diana Kurten	31	Female	79	30-04-2024
1790	Vite Molyneux	36	Male	90	26-01-2024
1794	Caro McKirton	55	Female	53	07-12-2023
1796	Cayla Marcus	24	Female	79	10-07-2024
1799	Tito Brash	48	Male	81	21-05-2024
1803	Clarinda Edlyn	48	Female	75	10-09-2023
1804	Matelda Kordas	125	Female	91	06-06-2023
1805	Venus Sketch	69	Female	90	24-05-2024
1806	Gil De Gregorio	59	U	95	26-01-2025
1808	Charles Carren	65	Male	98	29-01-2025
1809	Reba Southon	25	Female	67	24-11-2024
1810	Royall Terris	65	Male	98	14-07-2024
1811	Sylvan Sugge	23	Male	59	10-12-2024
1816	Lonni Andrichak	57	Female	68	29-11-2023
1818	Katha Lockhurst	28	Female	64	30-08-2023
1821	Fields Bayne	50	Male	89	12-12-2024
1822	Trudie Capper	65	Female	67	26-03-2024
1825	Arv Whitsey	47	Male	82	24-11-2023
1827	Stormie Smyth	44	Female	92	31-07-2024
1828	Leigha Bacchus	39	Female	65	17-11-2024
1829	Darcy Jaslem	47	Male	82	01-09-2023
1830	Nathan Antognazzi	60	Male	98	13-01-2025
1831	Lisle Yokel	57	Male	58	25-06-2024
1832	Elicia Normanvill	47	Female	53	10-06-2024
1833	Klemens Eite	31	Male	67	15-01-2024
1834	Otes Gottelier	69	Male	84	17-07-2024
1836	Rochella Harce	60	Female	54	12-01-2025
1839	Faythe Rance	29	Female	60	21-05-2023
1841	Nathanial D'Ambrogi	40	Male	63	23-07-2024
1842	Ephrayim Beville	49	Male	89	21-02-2024
1843	Kennett Attack	47	Male	96	07-11-2024
1844	Amaleta Slafford	46	Female	71	02-12-2024
1847	Bobinette Stanaway	66	Female	68	15-12-2023
1853	Agathe Dimmick	53	Female	67	09-01-2025
1856	Toni Harbidge	67	Female	57	03-05-2024
1857	Purcell Chinnery	34	Male	57	26-01-2025
1859	Melamie Hardman	57	Female	81	14-03-2023
1867	Tonya Ritmeier	47	Female	96	03-12-2024
1869	Neda Longfellow	31	Female	73	19-01-2024
1871	Shayna McQuin	32	Female	52	07-11-2024
1872	Leif Feeney	67	Male	75	30-04-2024
1880	Garrett Dommett	60	Male	50	26-03-2024
1881	Gherardo Lahy	33	Male	61	21-01-2024
1882	Justin Ragless	55	Male	86	29-07-2023
1888	Sibyl Scholtz	52	Female	67	08-05-2024
1889	Dare	34	Male	98	17-04-2023
1890	Carce Gunthorp	29	Male	89	22-10-2024
1894	Patten Laytham	29	Male	86	23-01-2025
1895	Leese Lohan	27	Female	53	29-02-2024
1897	Cosette Callar	27	Female	58	23-08-2024
1898	Katalin Mantz	44	Female	67	17-10-2024
1900	Noland Larder	60	Male	67	14-02-2024
1904	Nert Muglestone	36	Female	60	29-03-2024
1906	Waylan Katte	61	Male	69	11-10-2024
1907	Lind Dredge	40	Male	69	17-09-2024
1914	Clyve Sandwick	29	Male	72	14-02-2025
1916	Redd O'Crowley	125	Male	71	28-11-2023
1918	Devin Sandeson	37	U	83	08-01-2024
1921	Cybill Wakes	54	Female	70	03-11-2023
1923	Immanuel Farlamb	43	Male	52	12-01-2025
1924	Eolande Kauscher	67	Female	94	12-06-2023
1926	Stefano Menhenitt	47	Male	72	24-06-2024
1929	Elka Crossgrove	51	Female	79	07-03-2024
1931	Boris Syres	44	Male	85	25-02-2024
1932	Sybila Enefer	62	Female	98	05-10-2024
1933	Ephraim Fulep	50	Male	72	17-08-2024
1934	Bryant Tordiffe	60	Male	70	10-02-2025
1935	Galvan	51	Male	72	19-04-2024
1937	Renaud Gahagan	32	Male	69	09-12-2024
1939	Pierce Cheke	32	Male	81	29-06-2023
1940	Gabriellia Coulter	38	Female	52	25-10-2024
1941	Dmitri Eleshenar	39	Male	83	25-08-2023
1944	Gregory Balchin	66	Male	73	05-08-2023
1945	Griffin Gisbourn	61	Male	88	12-12-2024
1947	Gretta Patrone	70	Female	66	05-12-2024
1951	Rockie MacCosty	46	Male	93	24-07-2024
1954	Greg Iacovo	30	Male	88	20-11-2023
1958	Janina Keme	46	Female	62	08-11-2023
1960	Falkner Jochens	47	Male	86	24-04-2024
1963	Syman Trimnell	51	Male	81	14-06-2023
1964	Cara Campbell-Dunlop	31	Female	60	16-07-2023
1965	Bendicty Powrie	39	Male	81	28-05-2023
1966	Moshe Nicholl	30	Male	75	17-07-2024
1967	Nomi	63	Female	88	25-06-2023
1969	Dimitry Kunkler	27	Male	54	08-03-2023
1970	Carl Eyre	35	Male	51	23-09-2023
1973	Fanni Liffe	59	Female	52	13-05-2024
1974	Aharon Moller	49	Male	67	30-03-2024
1976	Letitia Coan	70	Female	84	18-02-2024
1978	Marge Skerm	32	Female	53	19-03-2024
1979	Ephrem Cariss	39	Male	98	14-05-2023
1980	Kenneth Viall	56	Male	97	30-05-2024
1981	Calv Zelland	61	Male	62	20-01-2025
1982	Julee Hallewell	25	Female	80	24-09-2024
1984	Hewett Alessandretti	43	Male	70	02-07-2024
1986	Melania Ruske	67	Female	53	08-09-2024
1987	Jacobo Rosenblum	51	Male	56	09-11-2024
1993	Agustin Isworth	55	Male	82	30-06-2024
1994	Gray McLorinan	39	Female	71	29-05-2023
1997	Tedmund Simonsson	62	Male	57	14-11-2024
2000	Kain Rene	53	U	68	21-12-2024
2002	Matilde Hamsher	61	Female	55	19-03-2023
2003	Lilli Hargey	46	Female	80	08-02-2024
2008	Jamill Cudd	51	Male	77	14-01-2025
2010	Duff Guyer	52	Male	88	22-01-2025
2011	Guthrie MacAne	29	Male	68	10-07-2024
2012	Maisey Lavell	34	Female	55	28-09-2023
2013	Marge Girault	51	Female	99	11-03-2024
2016	Laraine Merioth	62	Female	89	30-04-2023
2017	Ezri Sadry	71	Male	67	25-08-2023
2018	Richie Matts	53	Male	80	06-08-2024
2020	Portia Proudlock	42	Female	50	03-02-2024
2022	Mortimer Iremonger	24	Male	79	30-06-2023
2024	Elinor Biggerstaff	37	Female	69	18-01-2024
2025	Agosto Thon	60	Male	59	02-01-2025
2026	Anabelle Rogerson	48	Female	62	20-11-2023
2027	Whitney Dahle	32	Male	89	20-05-2023
2031	Philbert Albone	53	Male	99	22-07-2023
2032	Theodore Chicchelli	51	Male	98	02-10-2024
2034	June Haslam	47	Female	87	05-06-2024
2041	Mort Heath	47	Male	52	15-08-2024
2042	Bendix Cooke	26	Male	65	10-02-2025
2043	Veronike Clampett	40	Female	67	20-04-2024
2044	Leyla Eddington	65	Female	84	27-07-2024
2056	Cristin Smoughton	47	Female	65	30-01-2024
2057	Elianora Sally	48	Female	99	15-01-2025
2058	Ronna Wickersham	66	Female	99	08-10-2023
2061	Loralyn	61	Female	71	27-07-2023
2062	Guillermo Kolakovic	55	Male	67	31-03-2024
2063	Benny Crudge	46	Male	55	03-11-2024
2064	Reynard Jaffrey	55	Male	99	09-11-2023
2065	Silvio Henrichs	45	Male	66	17-01-2025
2066	Skipp McLarens	68	Male	91	23-12-2024
2067	Slade Mulvin	125	Male	81	18-03-2024
2071	Ardis Ramelet	51	Female	69	15-10-2024
2073	Linea	51	Female	87	27-06-2023
2074	Roslyn Rawdall	55	Female	90	02-04-2023
2075	Devondra Jovis	32	Female	95	16-05-2024
2076	Beatriz Tweddle	35	Female	73	16-04-2024
2077	Tobe Lindroos	68	Female	67	28-04-2024
2081	Gelya Coaker	44	Female	69	22-06-2023
2085	Carolynn Samsin	55	Female	83	16-10-2023
2086	Gayle Cockerell	55	Male	68	07-11-2023
2087	Yehudi Sandon	67	Male	76	25-03-2023
2089	Erie Ballston	44	Male	93	13-03-2023
2090	Stanton Schimoni	47	Male	63	14-10-2023
2093	Salem Doiley	35	Male	94	08-01-2024
2095	Anette Guerreiro	36	Female	69	27-10-2024
2096	Torrie Smartman	55	Female	74	27-06-2023
2098	Ame Tossell	46	Female	82	21-08-2024
2101	Maryann	49	Female	71	26-09-2023
2102	Carl Penquet	46	Male	80	07-07-2024
2103	Jayme Hendin	53	Male	94	28-02-2024
2106	Antons Ley	39	Male	91	16-01-2025
2111	Ellis Vokes	53	Male	98	28-05-2023
2112	Aubrie Glaum	70	Female	64	25-12-2024
2113	Nita Bushell	49	Female	91	08-03-2023
2114	Erick Caveill	46	Male	78	20-03-2024
2116	Wyndham Ecob	46	Male	81	02-08-2024
2117	Llywellyn Christall	39	Male	76	14-11-2024
2119	Dorise Bellon	36	Female	51	11-11-2024
2120	Clare Attoe	52	Male	80	15-11-2023
2122	Osborne Nawton	47	Male	85	27-12-2023
2126	Hugibert Getcliff	48	Male	65	22-08-2024
2127	Wanids Baudet	44	Female	66	29-04-2023
2130	Evangelina Coxhell	40	Female	95	08-12-2023
2135	Teador Laurant	53	Male	97	15-08-2023
2139	Carolina Brands	60	Female	87	14-08-2024
2140	Hilario Ramsdell	45	Male	59	06-03-2023
2141	Georgie Bruggen	61	Female	50	25-12-2023
2142	Marti McComish	46	Female	61	27-06-2024
2143	Napoleon Terron	65	Male	53	25-01-2024
2146	Timmie Lenden	35	Male	75	30-08-2023
2148	Annis Freeth	65	Female	78	05-01-2024
2150	Huntlee Pashba	56	Male	75	24-12-2024
2154	Bird Bolf	47	Female	86	18-07-2023
2156	Darill Mowday	64	Male	96	28-02-2024
2157	Alidia Petyankin	61	Female	52	23-02-2024
2160	Kettie Cantopher	50	Female	64	31-08-2024
2166	Mareah Woodnutt	50	Female	78	19-07-2023
2168	Levon Woollard	61	Male	83	03-07-2024
2169	Jarrad Atwell	55	Male	80	12-07-2023
2176	Josie Gallemore	70	Female	79	29-12-2024
2180	Urbanus Trevaskus	57	Male	98	16-11-2024
2181	Tobe Roxby	53	Male	99	29-03-2023
2183	Jillie Fyndon	61	Female	61	12-05-2023
2186	Carolina Sexty	52	Female	61	27-09-2023
2187	Brunhilde Kendall	26	Female	52	06-06-2023
2188	Zonnya Fayter	45	Female	85	23-08-2024
2190	Maressa Kondrachenko	58	Female	77	08-07-2023
2192	Hubie Leipold	66	Male	93	03-11-2023
2193	Roldan Carrington	37	Male	66	20-02-2024
2194	Johnette O'Fergus	48	Female	79	24-05-2024
2195	Nevsa Taill	31	Female	94	10-07-2023
2196	Skylar Brise	27	Male	66	25-07-2024
2199	Leigha Ranger	26	Female	89	04-11-2024
2201	Trisha Basset	26	Female	56	09-05-2023
2205	Birk Elphey	46	U	76	26-04-2023
2206	Osmond McCamish	70	Male	60	07-07-2024
2207	Junia Gall	31	Female	93	23-10-2023
2208	Lavena Embling	39	Female	59	12-11-2024
2213	Jesse Leyshon	53	Female	70	15-03-2024
2214	Farlay Plevey	63	Male	52	19-01-2025
2215	Viola Wadhams	43	Female	50	15-07-2024
2217	Kristofor Juris	42	Male	98	31-01-2025
2218	Madelena Blincoe	65	Female	94	20-10-2023
2219	Ansel Napier	29	Male	73	27-08-2023
2221	Tye Scottini	44	Male	80	06-09-2024
2229	Linette Gotmann	65	Female	76	12-06-2024
2230	Gertruda Shrimpling	34	Female	53	22-02-2023
2231	Rasla Landreth	51	Female	68	08-07-2024
2232	Nev Malone	38	Male	69	12-06-2024
2235	Maxine Cauldwell	55	Female	75	16-10-2023
2237	Julia Walden	65	Female	83	08-08-2024
2238	Nata Plinck	55	Female	96	04-11-2023
2243	Lena Cronshaw	44	Female	76	28-05-2023
2244	Sidney Cargon	46	Male	97	20-02-2023
2250	De witt Gleave	125	Male	72	23-01-2024
2251	Leslie Shotboult	66	Male	68	14-10-2023
2255	Iorgo Krol	47	Male	92	05-10-2023
2258	Cathy Powter	58	Female	63	12-04-2024
2259	Leanora Calbert	44	Female	83	01-01-2025
2261	Gerome Monshall	38	Male	81	25-08-2024
2262	Nyssa Banister	52	Female	90	30-03-2024
2263	Lois Sorel	44	Female	79	13-06-2024
2265	Brendan Vicent	60	Male	55	09-01-2025
2266	Jeth Tomes	59	Male	74	20-02-2024
2267	Andrei Mulchrone	35	Female	78	08-01-2025
2268	Wilhelmina Gothup	58	Female	66	06-05-2023
2270	Augustus Edleston	30	Male	50	04-10-2024
2271	King Hoston	60	Male	96	12-03-2023
2272	Grete Hindenburg	45	Female	82	10-09-2023
2273	Rhetta Lambrook	32	Female	71	06-10-2023
2275	Ursulina Carter	61	Female	77	27-07-2024
2276	Stormy Caveney	47	Female	90	05-08-2023
2280	Wrennie Alexandersson	67	Female	93	07-12-2024
2281	Valaria Abrehart	71	Female	56	15-10-2023
2282	Dominic Gregoletti	51	Male	81	01-03-2023
2284	Ola Lenoir	29	Female	83	24-07-2024
2285	Maritsa Bellison	50	Female	71	11-05-2024
2287	Gisela Partener	44	Female	53	28-01-2025
2288	Cirillo Hook	43	Male	63	16-07-2023
2289	Kissie Steanson	53	Female	97	14-01-2024
2291	Guido Meynell	66	Male	67	28-01-2024
2293	Engracia Newcom	125	Female	70	14-09-2023
2298	Brigham Vyse	26	Male	64	04-12-2024
2301	Ken Vashchenko	31	Male	66	11-03-2024
2304	Shelia Bellew	64	Female	65	18-02-2025
2305	Aeriell Greeding	46	Female	91	18-07-2023
2306	Hilary Tregunna	61	Female	98	30-05-2023
2307	Corina Shadwick	40	Female	57	16-12-2024
2308	Nancey Hastie	55	Female	52	14-01-2025
2312	Ronnica Grebner	31	Female	72	30-06-2023
2313	Christa Pauley	30	Female	54	24-02-2024
2314	Ravid Lapenna	46	Male	59	18-04-2024
2316	Vernen Bourgaize	36	Male	79	14-10-2024
2317	Alwin Cuberley	39	Male	97	13-10-2024
2319	David Darrigrand	44	Male	63	11-08-2023
2322	Hazlett Rosenschein	58	Male	72	07-09-2024
2325	Emmett Whatsize	61	Male	50	11-07-2023
2326	Trev Boothebie	38	Male	64	14-02-2024
2328	Gayler Shackle	35	Male	63	05-07-2024
2332	Jeff Goodere	28	Male	99	27-08-2024
2333	Ives Adolfson	125	Male	82	16-10-2024
2336	Karney Labrone	38	Male	59	01-12-2024
2342	Clara Jakel	31	Female	87	10-10-2024
2344	Wat Robelin	45	Male	93	21-02-2023
2345	Arden Godard	67	Female	50	11-07-2024
2346	Joey Scheffler	67	Male	89	14-07-2024
2347	L;urette Annott	45	Female	79	30-09-2023
2352	Cilka Dabbes	66	Female	76	15-07-2024
2353	Lyn Luquet	31	Male	93	16-05-2024
2354	Tammie Fisbey	30	Female	99	29-08-2024
2355	Shaughn	62	Male	87	12-01-2024
2356	Arluene Manchester	65	Female	58	30-12-2024
2359	Merlina Bream	70	Female	80	23-04-2023
2361	Jeannette Cerman	41	Female	55	24-04-2024
2363	Bobby Farmiloe	26	Male	92	26-08-2023
2366	Idette Mapam	32	Female	51	16-07-2023
2368	Rowe Losbie	28	Female	98	13-11-2024
2369	Averyl Gosz	58	Female	80	03-09-2024
2373	Cordy Readshall	37	Female	51	14-11-2024
2376	Eada Narbett	30	Female	84	17-11-2023
2379	Trixie Piscopiello	52	Female	85	04-04-2024
2381	Dulsea Pladen	46	Female	91	22-06-2023
2382	Turner Huggens	63	Male	79	14-06-2024
2384	Garey Letrange	27	Male	96	21-10-2023
2385	Gaultiero Lissenden	47	Male	70	25-07-2024
2386	Adrianne Lowerson	27	Female	93	03-07-2023
2388	Quincy Weben	60	Male	84	30-08-2024
2391	Corny Millott	43	Female	72	17-03-2024
2393	Dorian Colledge	58	Female	68	29-02-2024
2400	Lindsay Stollsteiner	67	Male	73	29-03-2023
2402	Merrielle Strafen	64	Female	99	11-12-2023
2410	Eugenia Verey	43	Female	75	12-06-2024
2412	Tiffi Havercroft	125	Female	77	19-05-2023
2415	Tanner Harp	50	Male	56	27-12-2024
2418	Elspeth Brazil	48	Female	82	11-12-2024
2419	Aron Karlsen	70	Male	96	06-02-2025
2421	Marilee Garbott	43	Female	54	11-04-2023
2422	Crysta Woliter	43	Female	96	04-09-2024
2426	Yancy Ovett	56	U	64	15-07-2023
2428	Pauly Keightley	56	Male	74	20-01-2024
2429	Emeline Baldi	25	Female	54	07-02-2024
2432	Ebba Melhuish	68	Female	67	27-07-2024
2435	Orly Ceney	47	Female	69	31-10-2023
2437	Simonette Cressingham	57	Female	90	27-07-2023
2438	Lorianne Ethersey	65	Female	76	15-07-2023
2441	Loutitia Pinkie	35	Female	52	20-06-2023
2447	Richard Poor	42	Male	55	28-12-2024
2449	Oates Broadberrie	51	Male	54	21-08-2023
2450	Jayson Breheny	49	Male	64	02-01-2024
2452	Sophronia Yerrill	65	Female	93	04-07-2023
2454	Gene Brome	33	Female	81	06-12-2023
2455	Kathe Heatlie	49	Female	64	06-09-2024
2457	Benito Vearnals	39	Male	70	08-10-2024
2458	Leilah Liddel	48	Female	73	26-03-2024
2459	Jeanna Naulls	48	Female	67	10-03-2024
2460	Mick Boutellier	44	Male	88	20-06-2023
2461	Tully	47	Male	89	24-06-2023
2463	Krystle Jovicevic	40	Female	54	25-08-2023
2464	Cleve Jindrak	44	Male	78	12-07-2024
2466	Araldo Klamp	29	Male	62	04-08-2023
2467	Ynez Fawloe	125	Female	71	21-07-2024
2468	Parker Barenskie	67	Male	51	25-04-2023
2470	Roy Dunaway	35	Male	70	01-05-2024
2471	Noland Bresland	54	Male	55	14-05-2024
2472	Mathias Element	44	Male	99	28-02-2024
2473	Davon	47	Male	50	22-07-2024
2474	Chrysa Burrett	68	Female	59	24-08-2023
2475	Cammi Ambrogioni	47	Female	68	06-02-2025
2478	Andreas Lamke	53	Male	85	30-11-2024
2479	Helge Voller	46	Female	81	23-09-2023
2481	Amber Ruslin	37	Female	71	21-04-2024
2482	Regan Siemens	45	Male	95	06-12-2023
2483	Greta Cotterrill	69	Female	54	24-05-2024
2484	Elise Slimm	70	Female	77	23-09-2023
2485	Ringo Parkyn	47	Male	93	02-08-2023
2486	Alaine Halbord	36	Female	77	12-02-2025
2487	Elton Piggford	48	Male	92	15-01-2025
2491	Tabbie Turone	43	Male	74	12-03-2024
2493	Rey Collum	71	Male	56	21-06-2024
2494	Donella Emm	44	Female	98	21-03-2024
2495	Gwenore Suero	55	Female	89	10-11-2023
2498	Rosana Emmatt	67	Female	70	22-01-2024
2499	Doll Tschirschky	53	Female	77	13-10-2024
2501	Ora Meaddowcroft	57	Female	80	23-02-2024
2503	Devlin Laneham	44	Male	80	23-02-2024
2504	Aloysius Huffer	70	Male	52	01-06-2024
2506	Arlana Ferrick	28	Female	97	20-09-2023
2507	Alysa Galilee	53	Female	77	22-10-2024
2508	Virgil Borkett	51	Male	98	31-07-2023
2509	Danya Beadles	33	Male	99	30-10-2024
2513	Rustie Ligoe	29	Male	55	08-10-2023
2518	Krystalle Ives	50	Female	53	16-05-2023
2519	Ryon Dalliston	25	Male	76	06-08-2024
2520	Gabie Skett	48	Male	71	07-03-2023
2524	Rustie Kingsland	56	Male	84	05-12-2024
2526	Izaak Dopson	46	Male	89	19-07-2023
2527	Arly Petersen	70	Female	60	13-07-2024
2528	Cassie Toffaloni	64	Male	81	20-09-2024
2529	Ben Laidler	43	Male	81	04-01-2024
2530	Engracia Foulcher	55	Female	63	29-07-2024
2534	Estelle Lithgow	60	Female	70	02-07-2024
2535	Butch Broadnicke	35	Male	53	15-01-2024
2536	Aigneis Brignall	66	Female	71	08-09-2023
2539	Tracie Ashdown	24	Male	68	01-09-2023
2544	Ellery Bowra	44	Male	73	08-11-2023
2547	Aili Scruby	26	Female	91	12-03-2024
2554	Fan Gaythwaite	36	Female	76	23-02-2024
2558	Imojean Bosquet	44	Female	84	19-08-2023
2562	Boonie Withams	48	Male	98	18-12-2024
2565	Joannes Harbron	50	Female	62	04-08-2024
2567	Tobe Spirit	39	Male	97	02-09-2024
2569	Sig Sellan	38	Male	62	22-03-2024
2571	Chariot Keefe	70	Male	97	25-09-2023
2573	Tera Van Weedenburg	50	Female	72	01-11-2024
2574	Humfrey Boyse	65	Male	73	12-01-2024
2575	Hagan Abrahmer	48	Male	87	07-06-2024
2577	Thor Rickardsson	54	Male	78	26-07-2023
2582	Harv Pavey	44	Male	98	01-09-2023
2584	Sharia	45	Female	86	17-12-2023
2587	Maren Dachs	59	Female	76	10-08-2024
2591	Estevan Rylett	51	Male	50	18-03-2023
2592	Archibaldo Argrave	27	Male	84	21-07-2024
2593	Sharona Yorkston	47	Female	69	14-07-2023
2594	Sigismond Stockow	48	Male	90	10-04-2023
2595	Land Bangley	44	Male	56	19-03-2024
2596	Lexis Deason	44	Female	51	18-12-2023
2597	Carita Kemwall	70	Female	58	11-10-2023
2600	Darnell Wistance	47	Male	55	07-06-2023
2604	Lewiss Jaeggi	46	Male	91	03-09-2024
2605	Had Gilling	32	Male	50	09-08-2023
2606	Addi Seager	49	Female	56	02-06-2024
2607	Laurent Ainslee	60	Male	90	06-03-2023
2613	Trenton Casaccio	26	Male	78	30-12-2024
2614	Anatollo Stendell	54	Male	65	14-03-2024
2617	Vanda Donnellan	46	Female	79	24-10-2024
2618	Jay Prue	25	Male	85	03-11-2024
2619	Lavinia Niess	50	Female	62	28-10-2024
2629	Nomi Bushell	29	Female	60	02-09-2023
2630	Jonathon	59	Male	76	08-06-2023
2634	Silvester Scowcroft	51	Male	85	03-06-2023
2639	Mufi O'Kielt	47	Female	70	04-11-2024
2640	Curran McMeekan	125	Male	75	11-12-2023
2641	Vina Tackell	35	Female	71	14-10-2024
2643	Dulsea Maffi	24	Female	53	27-05-2023
2644	Brooke Alastair	52	Male	72	17-05-2023
2648	Saunder Newens	29	Male	60	10-03-2024
2652	Kelbee Bernat	47	Male	96	06-03-2024
2653	Aylmer Glenwright	58	Male	80	14-09-2023
2654	Dawn Yakovitch	65	Female	83	09-07-2024
2655	York Strongman	33	Male	56	01-03-2023
2656	Halli Littledike	61	Female	80	10-02-2024
2658	Inger Barnham	61	Female	82	03-08-2024
2659	Konstance Elgey	48	Female	81	10-03-2023
2661	Dorrie Meaden	68	Female	59	01-10-2023
2662	Louisette Cullimore	59	Female	53	25-12-2024
2663	Royce Pietrowicz	59	Male	69	10-09-2024
2664	Raynor Olech	54	Male	83	05-04-2024
2667	Randene Brown	30	Female	65	21-07-2024
2669	Carrol Jordin	34	Male	95	20-05-2023
2670	Cam MacFadyen	39	Male	53	28-03-2024
2674	Lynsey Broady	68	Female	59	08-09-2024
2681	Liza LeEstut	59	Female	78	24-05-2024
2682	Annamarie Bouzan	60	Female	54	14-04-2023
2683	Myrta Rentilll	46	Female	81	27-06-2023
2684	Erastus Payley	28	Male	96	21-05-2024
2686	Cully Takos	47	Male	63	25-08-2024
2687	Fabe Smallbone	46	Male	67	20-08-2024
2688	Shelden Lorent	44	Male	53	08-12-2024
2692	Jacklyn Bromehed	39	Female	57	05-11-2024
2693	Abram Phillipson	48	Male	91	06-08-2023
2695	Kippy Heater	125	Female	88	10-10-2023
2697	Klarika Yerby	46	U	70	05-10-2024
2699	Michal Woltering	64	Male	93	11-09-2023
2706	Kelly Bilyard	44	Male	59	15-09-2023
2707	Tabb Haberjam	29	Male	56	10-09-2024
2710	Flory Standering	37	Male	77	05-06-2023
2711	Steven Keetley	70	Male	52	16-12-2023
2713	Hadlee Mackro	62	Male	55	14-07-2024
2714	Emmy Jenton	57	Female	50	28-03-2024
2718	Vernen Hakonsen	41	Male	69	19-07-2024
2719	Alleyn Clear	56	Male	69	02-09-2023
2723	Morganne Smitham	59	Female	71	16-06-2023
2724	Gerome Dutteridge	48	Male	92	03-04-2024
2727	Kim Gabbitis	24	Female	88	09-12-2023
2728	Imojean Atyeo	64	Female	55	23-05-2023
2729	Meggi Shipcott	24	Female	76	26-09-2023
2731	Meagan Ferry	39	Female	74	16-06-2024
2733	Jordanna Skyme	66	Female	89	12-08-2023
2738	Lurleen Shoebridge	62	Female	77	31-12-2023
2740	Godiva Bulward	45	Female	61	15-03-2023
2742	Osgood Risby	26	Male	50	21-07-2023
2743	Carr Muckley	48	Male	67	05-07-2024
2744	Bjorn Isitt	71	Male	59	05-07-2024
2746	Carmelia Egle of Germany	57	Female	97	27-03-2024
2748	Dolorita Dufaur	44	Female	96	09-09-2024
2751	Cordell Coxhell	40	Male	94	26-05-2023
2755	Karen La Wille	64	Female	66	22-10-2024
2757	Leodora Carillo	23	Female	65	04-08-2023
2760	Early Saggs	32	Male	55	29-07-2023
2761	Agathe Weafer	45	Female	78	24-02-2023
2765	Bartholomew Gowdy	36	Male	68	02-04-2024
2766	Rozanna Chartman	29	Female	93	23-05-2023
2767	Sybil Scramage	46	Female	84	21-03-2023
2768	Forest Knowling	48	Male	86	29-01-2024
2773	Page Farthin	58	Male	69	25-12-2023
2774	Danella Chevers	44	Female	50	11-01-2025
2776	Tyson Pearcy	46	Male	59	13-10-2023
2778	Micheil Pockey	39	Male	50	25-11-2023
2779	Douglas Wrout	27	Male	54	05-03-2023
2780	Papageno Beare	36	Male	77	08-10-2023
2782	Gillian Scrimshire	35	Female	91	31-08-2024
2786	Hubie Bottoner	56	Male	94	14-09-2023
2787	Teressa Tague	32	Female	92	27-04-2023
2789	Violetta Bucksey	36	Female	66	29-09-2024
2791	Dew Lavrinov	53	Male	72	17-07-2023
2793	Mead Corkell	58	Male	77	09-05-2023
2796	Margette Vidyapin	60	Female	52	25-04-2024
2798	Barclay Gricks	37	Male	59	29-10-2024
2799	Ilysa Palle	60	Female	80	25-06-2024
2803	Ailsun Hawlgarth	32	Female	95	23-03-2023
2804	Jeno Brimming	38	Male	61	05-01-2024
2806	Thorndike Glossop	23	Male	60	11-07-2023
2808	Preston Tinkham	63	Male	68	01-12-2023
2813	Lillian Crookall	70	Female	51	13-08-2023
2815	Emery Carlett	37	Male	50	19-04-2023
2816	Denys Dumingos	68	Female	87	01-02-2024
2818	Frazier Streak	45	Male	82	15-08-2023
2819	Clyve Starmont	40	Male	63	18-06-2024
2822	Rebecca Shaughnessy	29	Female	83	31-08-2024
2823	Weidar Antognazzi	53	Male	98	16-11-2023
2826	Loise Mulvany	26	Female	73	16-12-2024
2833	Cy Braim	27	Male	60	31-01-2024
2836	Matilda Yellowley	47	Female	80	23-03-2024
2837	Caitrin MacTavish	47	Female	81	08-11-2024
2840	Wallie Baitman	56	Male	63	06-02-2024
2842	Olimpia Traynor	49	Female	80	14-03-2024
2844	Amie Felgate	54	Female	98	28-08-2024
2846	Bryana Lindell	58	Female	66	02-06-2023
2847	Noreen Matelaitis	30	Female	50	20-03-2023
2849	Palm Bartoszek	49	Male	65	22-03-2023
2850	Andie Shorto	53	Female	74	12-05-2024
2853	Clarence Flook	49	Male	65	18-02-2024
2855	Kim Tineman	67	Female	81	13-04-2023
2856	Milissent Deinert	23	Female	53	08-10-2023
2859	Brandais Goodlad	50	Female	98	05-03-2024
2863	Alisander Fetherstone	27	Male	90	08-11-2024
2867	Lem Meegan	24	Male	53	11-09-2024
2870	Aldis Chazerand	51	Male	99	30-04-2023
2872	Tabbi Tyght	47	Female	52	30-04-2024
2873	Elvina Saiger	26	Female	59	16-01-2024
2874	Delores Ashcroft	44	Female	97	21-02-2024
2875	Keven Leahair	57	Male	71	12-10-2023
2876	Swen McGarahan	39	Male	68	25-07-2023
2877	Vaughan Frank	50	Male	59	21-11-2023
2878	Sauveur Skeel	57	Male	73	14-05-2024
2879	Tatum Askem	62	Female	62	31-12-2023
2881	Ezra Steffan	29	Male	71	24-08-2024
2882	Claudia Doog	63	Female	62	13-08-2024
2883	Ulick Bruty	55	Male	84	10-08-2023
2884	Karola Conneely	63	Female	99	03-08-2023
2885	Minnie Rolley	50	Female	70	30-01-2025
2889	Ximenes Patmore	37	Male	55	23-03-2024
2890	Nevile Ecclesall	59	Male	64	12-12-2023
2892	Paulie Wolffers	47	Male	59	12-04-2024
2893	Erik Pothecary	57	Male	84	01-10-2024
2894	Gilburt	54	Male	91	10-08-2023
2895	Lind Mc Ilory	62	Female	85	24-09-2024
2897	Kimbra Gerraty	34	Female	94	02-08-2024
2898	Tiertza Hilldrop	38	Female	81	10-10-2023
2901	Banky Baudichon	47	Male	77	21-04-2024
2902	Stacia Gritsaev	47	Female	57	07-11-2023
2906	Ivory MacKnocker	69	Female	93	18-10-2024
2907	Erik	45	Male	89	24-11-2024
2911	Janenna Knowlman	69	Female	55	20-11-2023
2912	Tobit	42	Male	60	23-06-2023
2914	Jessamine Brazear	55	Female	76	26-11-2023
2918	Elli	125	Female	58	02-04-2024
2924	Fina McLaughlin	61	Female	79	29-05-2024
2928	Cedric Layzell	27	Male	92	14-08-2024
2929	Winny Cakes	46	Male	97	29-03-2023
2931	Efren Twiddell	38	Male	61	07-03-2023
2933	Ralf Presidey	46	Male	61	30-01-2025
2938	Richardo Cocher	54	Male	79	13-12-2024
2940	Wilek Adolf	54	Male	83	16-08-2023
2943	Caesar	52	Male	65	17-10-2023
2945	Arlan	47	Male	79	01-01-2025
2947	Standford Sauter	47	Male	75	08-10-2024
2949	Alexa Simanek	47	Female	68	25-07-2024
2955	Stuart Dutnell	55	Male	74	27-11-2023
2957	Hurlee Helleckas	71	Male	66	03-10-2023
2961	Merv Barradell	125	Male	56	24-01-2025
2966	Fredi Aldhous	47	Female	81	29-12-2023
2967	Dud Coom	50	Male	60	07-04-2024
2970	Cassi Noades	68	Female	64	07-05-2023
2975	Deva Carnow	47	Female	67	06-02-2024
2978	Erasmus Winckworth	45	Male	96	22-03-2023
2985	Kerby Nesfield	40	Male	69	14-05-2023
2986	Ettore Bere	27	Male	60	18-12-2024
2987	Riane Schultes	24	Female	51	02-02-2025
2990	Brice Martinuzzi	50	Male	65	16-03-2023
2993	Blinnie Hazelden	28	Female	85	18-08-2024
2995	Garvin Cunradi	51	Male	60	27-10-2023
2996	Jerrylee Shinfield	24	Female	67	29-06-2024
2997	Jo-ann Carlile	125	Female	57	30-04-2023
3002	Tracey Verdun	69	Male	62	12-12-2023
3003	Brita Tupie	56	Female	72	05-02-2024
3004	Waylon Hammant	36	Male	82	03-11-2023
3006	Ariel Dillingston	42	Female	72	10-09-2024
3011	Robena Barks	56	Female	84	28-11-2024
3012	Devland Probart	23	U	81	30-05-2024
3013	Lorain Eddisforth	24	Female	94	19-04-2023
3014	Terrijo Merlin	39	Female	59	19-10-2023
3017	Jason De Lorenzo	39	Male	88	19-08-2024
3019	Alonso Ceyssen	42	Male	98	15-01-2024
3024	Franz Craddy	36	Male	86	01-01-2025
3027	Augy Rudall	46	Male	83	13-10-2023
3028	Leandra Schubert	26	Female	67	09-04-2024
3029	Timmie Gori	29	Male	85	09-06-2023
3030	Flor Agnew	32	Female	68	29-07-2023
3031	Diego Bertelmot	45	Male	95	01-10-2024
3032	Renado Wonfor	68	Male	53	22-01-2025
3033	Danielle Kener	44	Female	60	04-12-2023
3034	Mara Tofanini	47	Female	54	09-11-2023
3035	Sigfrid Caldecot	53	Male	98	27-10-2023
3039	Coralie Guitonneau	50	Female	52	18-01-2024
3040	Kameko Kinrade	53	Female	87	23-03-2023
3042	Barris Trayton	34	Male	76	25-01-2024
3044	Russell Brittoner	60	Male	59	27-10-2023
3045	Renato Mungham	63	Male	52	30-08-2023
3046	Shela Ridgers	55	Female	53	08-12-2024
3049	Tristam O'Fallone	51	Male	72	21-10-2023
3050	Dinnie Worsom	48	Female	90	19-02-2023
3051	Edi Lugton	40	Female	81	24-02-2023
3052	Lisetta	59	Female	72	03-07-2024
3053	Susie	25	Female	67	02-07-2024
3054	Marieann Wickey	56	Female	94	25-10-2023
3055	Viki Drache	48	Female	96	16-05-2023
3057	Mel Shoebottom	66	Female	96	03-01-2024
3058	Hamnet Kibblewhite	42	Male	67	27-01-2024
3059	Hercules Klewi	33	Male	83	27-02-2024
3061	Evie Bendtsen	25	Female	51	09-04-2024
3062	Lesley Ruskin	29	Male	78	28-10-2023
3063	Andrea Wildber	47	Male	74	21-03-2024
3064	Zach Billison	30	Male	96	23-03-2024
3065	Winna Brusle	34	Female	88	22-01-2024
3068	Gill Branney	26	Female	88	26-08-2024
3069	Phylis Traves	35	Female	59	13-03-2024
3070	Malissia Minthorpe	45	Female	74	20-07-2023
3071	Shirlee Murdoch	57	Female	59	09-07-2024
3072	Roma Prettjohn	56	Male	87	07-08-2024
3078	Mariel Blacksell	66	Female	54	14-06-2024
3080	Christoforo Santus	27	Male	87	17-12-2023
3081	Dodi Volker	53	Female	61	09-01-2024
3082	Emlyn Maile	65	Male	68	13-07-2024
3084	Birgit Dowers	125	Female	57	21-11-2023
3085	Kaleb Eslemont	38	Male	91	06-07-2023
3087	Gerry Scatcher	24	Male	64	21-04-2023
3088	Hilarius Trenbey	60	Male	92	25-07-2024
3090	Zared Pinchback	52	Male	81	14-10-2023
3091	Guenevere Treffry	32	Female	88	30-05-2023
3094	Izak Andreutti	51	Male	51	17-09-2023
3098	Tiff Ovett	71	Female	77	24-09-2023
3099	Shelli Benitti	37	Female	73	07-08-2023
3101	Paxton Lermit	71	Male	68	14-03-2023
3105	Bryn Rycraft	64	Male	88	28-02-2024
3107	Dell Tremathick	66	Female	98	03-02-2025
3108	Trip Ahmed	31	Male	94	18-07-2024
3109	Jeralee Domleo	27	Female	75	29-03-2024
3113	Wenonah Lethabridge	43	Female	52	15-07-2023
3117	Nisse Marriage	65	Female	68	06-05-2023
3118	Cleveland Coxon	46	Male	54	05-01-2025
3120	Lauree O'Donnell	44	Female	89	11-04-2023
3121	Mahmoud Batterbee	48	Male	82	12-01-2024
3123	Tina Riggulsford	46	Female	71	14-09-2023
3124	Anastasie Le Grand	38	Female	73	30-05-2023
3128	Betteanne Alldread	54	Female	96	25-06-2024
3130	Krissy Robard	49	Female	53	02-04-2024
3131	Sybilla O' Markey	25	Female	63	28-07-2023
3133	Eda MacCheyne	63	Female	89	03-08-2023
3134	Pierette Roseman	26	Female	53	19-07-2023
3135	Titus Worsall	31	Male	83	01-08-2024
3136	Leonardo Brennon	54	Male	60	04-04-2023
3139	Pail De Blasi	29	Male	65	12-04-2023
3141	Esmaria Kiernan	28	Female	92	09-04-2024
3142	Hubert Kliner	46	Male	98	10-12-2024
3144	Ringo Everson	47	Male	94	28-12-2023
3146	Fredrika Kleinmintz	50	Female	79	15-12-2023
3150	Morissa Wolfendell	25	Female	66	17-11-2023
3153	Hannis Jakubovits	48	Female	87	13-05-2023
3154	Angil Ellesmere	48	Female	63	22-08-2023
3155	Tiphani Fritz	27	Female	88	07-08-2024
3160	Eadmund Braycotton	46	Male	87	23-10-2024
3161	Cindie Naldrett	56	Female	71	08-01-2024
3162	Deanne Delacour	39	Female	76	21-07-2024
3164	Hortensia Rainger	69	Female	53	27-10-2023
3165	Vyky Coppen	30	Female	56	10-03-2023
3166	Bronson Plowman	49	Male	96	26-01-2025
3168	Johan Dudderidge	57	Male	89	14-05-2023
3169	Maxim Chavrin	57	Male	96	01-06-2023
3170	Bethanne Kytter	63	Female	67	04-01-2025
3172	Marje Kennewell	48	Female	69	31-12-2023
3173	Angelo	40	Male	55	04-07-2024
3174	Odele Blackmore	47	Female	67	02-08-2024
3175	Alphard Cradduck	46	Male	82	24-09-2024
3176	Rafe Antoniak	53	Male	60	02-07-2024
3177	Titos Scanes	45	Male	93	30-05-2024
3179	Jarid Redwood	48	Male	87	27-12-2024
3180	Gage	57	Male	96	30-06-2023
3182	Catherina Hammel	48	Female	50	21-10-2023
3183	Craig Phethean	69	Male	64	16-04-2024
3187	Samuele Roycroft	61	Male	75	06-06-2023
3188	Boyd	40	Male	94	07-09-2023
3197	Stern Ilyenko	55	Male	83	11-12-2023
3198	Dur Knappen	29	Male	66	01-04-2024
3199	Florry Neasam	24	Female	98	10-02-2024
3200	Marna	30	Female	51	30-10-2024
3201	Zed Blanckley	40	Male	61	20-04-2023
3202	Garry Gadson	30	Male	74	07-11-2023
3204	Ibby Beedon	29	Female	51	04-01-2025
3208	Jeanne O'Meara	37	Female	53	13-12-2023
3210	Stella Abreheart	44	Female	80	29-11-2024
3211	Betsy Cosh	53	Female	52	02-06-2023
3212	Corella Bartomeu	32	Female	62	27-03-2023
3216	Edgar Ordish	49	Male	59	25-11-2023
3217	Lorena Titterrell	27	Female	95	16-02-2024
3219	Denyse Scutts	65	Female	94	26-09-2024
3220	Hunt Linn	125	Male	53	28-12-2024
3221	Brigid Quigley	125	Female	59	22-01-2025
3224	Darell Mulqueeny	51	Female	67	11-03-2023
3229	Carrol Gheorghie	48	Male	69	14-07-2023
3231	Cazzie Gravell	66	Male	84	09-02-2025
3235	Leif Woolfall	60	Male	88	07-05-2023
3237	Astrid Sumnall	53	Female	94	25-09-2024
3240	Ryon Elsay	66	Male	90	10-03-2023
3245	Wainwright Succamore	39	Male	86	24-04-2023
3246	Norene Merle	67	Female	73	19-02-2025
3251	Cammie Edridge	35	Female	95	23-05-2023
3252	Alexia McTerrelly	23	Female	59	30-09-2024
3256	Collen Kew	46	Female	76	19-07-2023
3257	Travis Hulatt	71	Male	64	24-12-2023
3258	Hettie Godden	45	Female	77	03-06-2023
3259	Rabi	50	Male	74	25-03-2023
3262	Maynord L'Episcopi	46	Male	65	02-09-2024
3264	Garret Higginbottam	29	Male	88	01-04-2023
3265	Isaak Higounet	37	Male	64	19-09-2023
3266	Lambert Edser	38	Male	68	03-09-2023
3268	Estelle Sam	67	Female	93	03-08-2024
3269	Kalvin Paskin	38	Male	96	03-04-2023
3272	Bar Frankcom	51	Male	75	20-03-2023
3273	Darline Alpes	49	Female	72	07-05-2023
3277	Demetris Shapcote	66	Male	92	26-01-2024
3278	Marcel Eddolls	37	Male	66	08-07-2023
3279	Morgun Razoux	26	Male	55	05-10-2024
3281	Peg Cliff	46	Female	67	28-04-2023
3284	Jorrie Cerman	63	Female	98	23-09-2023
3285	Mendie Teresi	39	Male	51	08-05-2024
3292	Hamlen Slograve	38	Male	71	01-10-2023
3293	Peg Woodstock	60	Female	98	13-08-2024
3294	Juditha Leidl	50	Female	90	21-04-2023
3296	Leontyne Jackett	125	Female	78	12-08-2024
3303	Ced Cuell	48	Male	51	09-05-2024
3306	Iggy Whorton	45	Male	50	28-07-2024
3307	Portia Thirlwall	50	Female	96	28-10-2024
3310	Bethany Jarrell	125	Female	83	25-10-2023
3311	Clary Bennitt	29	Female	57	07-05-2024
3314	Blakelee Tassel	64	Female	50	02-07-2024
3315	Ninnette Pandey	54	Female	77	16-12-2024
3319	Erda	44	Female	67	09-12-2024
3323	Cortie Hamshar	28	Male	99	13-03-2024
3325	Sylas	52	Male	80	07-07-2023
3326	Wes Crotch	63	Male	83	04-12-2023
3327	Roma Le Gallo	50	Male	84	12-01-2024
3328	Arabella Delgaty	69	Female	58	01-06-2024
3329	Karissa Leal	53	Female	97	28-01-2025
3330	Tina Pristnor	26	Female	70	31-03-2024
3334	Koralle Winckles	46	Female	63	07-07-2023
3337	Brendan Aird	38	Male	58	23-02-2024
3339	Andrea Rand	44	Male	76	27-12-2023
3340	Torey Beharrell	39	Male	61	05-07-2023
3342	Henry Phillps	30	Male	51	08-12-2023
3344	Clerissa Columbell	33	Female	66	02-09-2023
3345	Hersch Gilkes	39	Male	83	29-09-2024
3346	Nadya Callaghan	68	Female	61	05-04-2023
3347	Nichols	44	Male	99	02-09-2023
3348	Amanda Hazeltine	49	Female	93	03-11-2023
3350	Tam Prestner	30	Male	53	23-11-2023
3353	Marina Scorrer	35	Female	91	14-05-2023
3355	Cherin Thireau	26	Female	50	07-01-2024
3359	Duffy Cotillard	57	Male	82	08-04-2023
3360	Joelie Sherlaw	53	Female	77	12-09-2023
3361	Riva Yushin	24	Female	68	19-05-2024
3362	Piotr Saladin	31	Male	60	15-04-2023
3364	Trueman	49	Male	77	30-03-2023
3366	Rickey Gregolotti	57	Male	98	26-03-2023
3367	Melisse Massei	48	Female	75	04-04-2024
3369	Cathrin Rosencrantz	47	Female	90	04-07-2024
3371	Josey Alves	34	Female	56	17-08-2024
3372	Orazio Wissby	65	Male	62	08-02-2024
3374	Joann Corrigan	42	Female	77	03-02-2024
3376	Amity Widdall	63	Female	74	12-11-2023
3379	Elysee Spurr	31	Female	51	02-07-2023
3382	Burk Walczak	28	Male	90	27-10-2023
3388	Urbanus Pichan	56	Male	81	15-12-2023
3391	Terrel Kreuzer	70	Male	93	02-09-2023
3395	Sigmund Fishbourn	39	Male	76	10-08-2023
3397	Melisande	28	Female	70	04-06-2023
3398	Alberik Looks	37	Male	69	19-01-2024
3399	Hillyer Biddulph	31	Male	95	26-02-2024
3401	Cristie	30	Female	92	18-07-2023
3402	Krystyna Scadden	51	Female	73	08-08-2023
3405	Gavra Robez	63	Female	89	02-05-2024
3407	Marven Ditts	47	Male	53	30-04-2024
3409	Abbey Nellen	45	Female	75	06-07-2023
3410	Merrili Brittin	51	Female	93	03-01-2025
3411	Alena Hannis	27	Female	68	04-01-2025
3412	Almira Ethelstone	58	Female	66	03-08-2024
3413	Zulema Cristofolo	62	Female	93	01-01-2025
3417	Deedee Coxall	51	Female	91	22-06-2024
3420	Norby Elion	46	Male	96	04-12-2023
3421	Ronalda McGeechan	25	Female	60	27-10-2023
3423	Griselda Bezants	38	Female	57	06-03-2024
3427	Mace Edington	60	Male	67	02-04-2023
3428	Leonora Iglesia	60	Female	77	05-12-2023
3430	Augustus Pickin	36	Male	77	16-02-2024
3431	York Calbreath	26	Male	97	17-06-2024
3432	Max Cloney	51	Female	99	26-07-2024
3435	Stevena Allcock	61	Female	80	28-02-2024
3437	Penny Wellington	50	Male	79	04-05-2023
3444	Kara-lynn Bims	58	Female	75	11-06-2023
3445	Craggy	47	Male	62	02-11-2023
3449	Ilyssa Hannabuss	54	Female	52	01-10-2024
3450	Brooke Durman	60	Female	85	04-09-2023
3451	Ruprecht Loreit	35	Male	88	07-10-2023
3453	Jammie McEvon	70	Female	57	03-04-2023
3459	Emelda Ramsdell	62	Female	62	26-08-2024
3462	Jehanna Sparhawk	42	Female	96	07-01-2024
3465	Hadria Pizer	44	Female	71	03-12-2023
3466	Victor Zaple	38	Male	65	20-05-2023
3469	Arabele Lantoph	71	Female	90	22-07-2023
3470	Catherina Ricca	47	Female	56	08-02-2024
3471	Brita Afonso	125	Female	95	19-02-2023
3474	Justinian Crowhurst	35	Male	93	07-12-2023
3477	Jaquelin Leek	60	Female	90	07-09-2023
3478	Hartwell Schach	65	Male	54	10-12-2024
3482	Roch Rilston	48	Female	71	27-01-2024
3486	Reece Crewther	49	Male	67	02-09-2023
3488	Cristobal Whitrod	44	Male	63	11-04-2023
3489	Margo Fletcher	48	Female	90	10-09-2023
3491	Leanna Cromb	60	Female	69	26-06-2023
3492	Urbanus Redding	26	Male	83	12-04-2024
3494	Robers Richen	38	Male	72	20-02-2023
3495	Constantine Frissell	38	Female	57	22-03-2023
3496	Danya Burnyeat	29	Male	99	12-07-2024
3497	Thia O'Day	45	Female	73	27-09-2024
3500	Josy Fleeman	27	Female	71	28-01-2025
3501	Kayla Alentyev	45	Female	63	19-06-2023
3503	Tootsie Rafter	50	Female	53	06-06-2023
3507	Christoph Greatreax	46	Male	70	18-09-2023
3508	Malvin Marre	125	Male	89	19-09-2023
3509	Janine Hesey	58	Female	85	08-07-2023
3512	Vladimir Abramowsky	62	Male	68	09-12-2024
3513	Enriqueta Waterhowse	50	U	80	27-01-2025
3516	Diarmid Vearnals	44	Male	93	11-11-2023
3522	Lorri Byrth	51	Female	73	14-04-2023
3525	Town Yitzhakov	46	Male	55	07-08-2024
3526	Pail Iacopini	60	Male	84	24-09-2024
3527	Kiley Scotson	64	Female	77	29-06-2023
3528	Eliot Scammell	51	Male	69	05-09-2023
3533	Neale Lowings	30	Male	62	12-06-2023
3534	Kacie Stanbrooke	57	Female	92	26-04-2023
3539	Sheelah Caine	39	Female	94	07-06-2024
3541	Aloin Harhoff	38	Male	72	07-07-2023
3545	Wenonah Filgate	49	Female	66	31-03-2024
3546	Hally Pollie	66	Female	91	29-03-2024
3548	Dalli Seden	36	Male	65	21-07-2023
3550	Daisey Britto	32	Female	50	23-12-2024
3553	Dietrich Geggie	48	Male	97	12-07-2024
3555	Latashia	46	Female	96	30-09-2023
3557	Tisha Gibbings	40	Female	79	04-07-2023
3559	Farra Bails	56	Female	80	22-07-2024
3560	Gav Bonin	52	Male	98	24-01-2024
3562	Martynne Bullivant	52	Female	76	12-05-2024
3563	De Leyband	125	Female	70	30-10-2024
3566	Bram Pheasant	69	Male	96	07-12-2023
3572	Willis Tilston	34	Male	54	12-07-2024
3573	Mab Dwyer	51	Female	68	19-12-2023
3575	Kandace Desesquelle	61	Female	82	22-08-2023
3578	Dorella Sineath	52	Female	57	03-07-2024
3580	Roby Samson	63	Female	61	28-02-2024
3582	Beryle Qusklay	63	Female	66	19-10-2024
3583	Josselyn Mathey	62	Female	71	27-10-2024
3584	Adler Teale	46	Male	95	19-01-2024
3586	Abby Brownstein	63	Female	79	04-01-2024
3587	Ines Galfour	63	Female	85	06-09-2023
3589	Nalani Dummer	46	Female	73	12-07-2024
3592	Pall MacCart	39	Male	72	04-11-2023
3593	Carry Abercromby	49	Female	71	12-06-2023
3595	Timi Huson	70	Female	81	03-06-2024
3596	Christi Gilluley	30	Female	57	08-05-2024
3597	Giorgi	68	Male	71	11-06-2023
3598	Penny McKirdy	62	Male	72	08-04-2023
3600	Godart Gooderick	36	Male	88	06-10-2024
3601	Fanya Gethyn	70	Female	85	21-12-2023
3603	Cale Yaneev	31	Male	90	16-01-2024
3605	Andy Risely	23	Male	54	01-01-2024
3606	Jamima Wainscot	51	Female	52	25-03-2023
3607	Troy Blaydes	27	Male	99	28-06-2024
3608	Conway Surgen	37	Male	86	27-10-2024
3609	Chicky Butterfield	54	Male	69	16-09-2024
3614	Berkie Gimber	23	Male	59	24-04-2024
3615	Junia Napton	34	Female	63	07-01-2025
3622	Anetta Brosenius	40	Female	84	18-09-2023
3623	Oren Barwack	71	Male	56	08-07-2024
3624	Lenka	46	Female	54	30-12-2023
3626	Cora Hince	50	Female	86	31-01-2025
3627	Loren Pischof	48	Male	92	16-12-2024
3631	Mignonne Barwood	41	Female	76	18-10-2024
3632	Elena Sandys	61	Female	82	11-08-2024
3635	Elset	67	Female	51	27-12-2023
3637	Luigi Edgeworth	51	Male	84	21-05-2024
3638	Fifi Dorrins	39	Female	73	15-08-2024
3640	Merralee Forman	62	Female	64	12-12-2024
3641	Wolfie Hoyes	54	Male	78	27-05-2024
3643	Bettye Dumberrill	63	Female	62	29-08-2024
3647	Carlyle Frape	47	Male	62	19-05-2023
3648	Tracie Bartolomeoni	25	Female	82	02-10-2024
3649	Jayne Gawthrope	25	Female	66	15-12-2023
3650	Darrelle Rosas	70	Female	85	21-04-2023
3651	Baxie	34	Male	91	22-10-2023
3654	Kenyon Paddefield	48	U	78	05-11-2023
3655	Waldemar Mostin	63	Male	82	17-06-2023
3657	Wyatan Rogeon	48	Male	95	19-11-2023
3659	Farra Catto	59	Female	76	12-10-2024
3660	Gradeigh Hothersall	47	Male	99	08-04-2024
3662	Pippo Cator	34	Male	79	11-06-2024
3663	Hermy Casement	35	Male	62	01-01-2024
3666	Mathew Marousek	70	Male	56	25-01-2024
3668	Katlin Ragsdale	47	Female	79	20-02-2023
3670	Leupold Bernardini	37	Male	62	25-12-2023
3671	Crystie Deshorts	45	Female	98	28-08-2023
3673	Tobin Fucher	25	Male	72	16-10-2023
3674	Rodger Gores	59	Male	59	11-04-2023
3675	Samuele Heller	38	Male	88	02-12-2024
3678	Tonya Worthington	41	Female	52	18-12-2023
3679	Murielle Klimkov	63	Female	72	08-09-2023
3681	Doll Benedicto	67	Female	90	12-09-2024
3682	Dukie Asson	50	Male	94	05-07-2023
3683	Lorain Maliphant	35	Female	67	20-11-2023
3685	Solomon Ruffles	53	Male	86	28-02-2024
3687	Jessie Wards	57	Male	84	05-01-2025
3688	Fritz Le Merchant	67	Male	87	02-12-2024
3690	Sheela Nutton	63	Female	86	13-01-2024
3691	Mathew Seid	40	Male	73	03-04-2023
3693	Brenna Raft	46	Female	58	21-03-2023
3694	Antoni MacAllister	62	Male	91	17-12-2024
3700	Lazar Restall	32	Male	64	07-03-2023
3701	Anstice Dunsmuir	51	Female	93	08-10-2024
3702	Floyd Meharry	49	Male	74	11-01-2024
3704	Haslett Ropars	58	Male	54	02-07-2023
3708	Lois Laskey	50	Female	72	26-11-2024
3711	Ellene Scinelli	32	Female	61	06-09-2024
3713	Cynthy Snoad	50	Female	72	19-11-2023
3714	Lemuel Gerram	26	Male	83	27-05-2023
3716	Kari Bamlett	125	Female	81	04-07-2024
3717	Arlin Woollacott	68	Male	88	27-11-2023
3721	Merrili Potticary	31	Female	84	16-07-2024
3722	Merilee Hammerson	48	Female	69	18-06-2024
3727	Eba Youle	64	U	65	14-11-2023
3730	Joann Clemson	32	Female	85	31-12-2024
3731	Jandy Rodgers	47	Female	91	15-01-2024
3733	Shelden Rodenburg	63	Male	70	21-06-2023
3735	Cchaddie Heffron	43	Male	91	04-09-2024
3736	Charles Brounfield	65	Male	64	08-12-2024
3737	Elyssa De Witt	33	Female	86	12-10-2024
3739	Gates Nelthorpe	55	Female	59	24-05-2024
3740	Rania Poulter	63	Female	82	07-04-2023
3742	Veda Faill	44	Female	79	14-11-2024
3743	Riki Aimable	47	Female	85	16-01-2024
3744	Franchot Loeber	63	Male	57	19-01-2025
3745	Randy Duligall	34	Female	90	01-09-2023
3746	Thaddeus McLurg	69	Male	64	18-04-2023
3748	Maurise Beal	52	Male	82	19-05-2024
3750	Yanaton Beacom	63	Male	78	03-09-2023
3752	Peta Nunes Nabarro	64	Female	67	30-08-2023
3754	Emmy MacGibbon	47	Female	74	05-01-2024
3757	Hyacinthia Crain	29	Female	75	07-03-2023
3758	Naomi Whiles	48	Female	71	10-04-2023
3759	Sue Batstone	51	Female	68	03-06-2024
3760	Bryana Vennart	57	Female	73	28-08-2023
3761	Zarla Seyers	44	Female	87	10-07-2024
3770	Caddric Ruddiforth	26	Male	54	15-01-2025
3771	Pippy Matysiak	49	Female	78	12-12-2023
3778	Ilaire Redborn	31	Male	99	27-04-2024
3779	Ulick Daspar	63	U	68	11-09-2024
3783	Eachelle Girardey	55	Female	61	21-06-2023
3784	Davie Moscon	39	Male	56	30-09-2023
3785	Fernande Jahan	59	Female	93	05-12-2024
3788	Wilie Glanton	31	Female	73	21-10-2024
3789	Conn Westberg	48	Male	52	06-08-2023
3792	Ingunna Loxston	30	Female	81	28-01-2025
3795	Taylor Dollimore	45	Male	88	03-07-2024
3796	Morgen Sieghart	56	Male	51	27-03-2024
3797	Kriste Oldall	54	Female	76	22-09-2024
3799	Violetta Monnery	53	Female	94	24-08-2023
3801	Auberta Andrault	63	Female	76	25-08-2024
3803	Josepha Finder	47	Female	54	20-12-2023
3805	Margaret McSperrin	48	Female	52	23-11-2023
3807	Bibby Goman	69	Female	73	24-02-2023
3808	Cal Wilber	50	Male	66	10-07-2024
3811	Etta Leele	45	Female	60	20-05-2023
3812	Sophie Druhan	41	Female	91	28-06-2024
3815	Jayson Gasparro	67	Male	99	21-11-2024
3816	Farra Klimkiewich	60	Female	93	04-03-2023
3817	Tuckie	46	Male	65	06-12-2023
3819	Alvan Phillput	36	Male	62	29-01-2024
3820	Maren Ruske	65	Female	65	05-07-2024
3821	Cassandra Cescotti	60	Female	96	08-11-2024
3825	Cinda Rounds	48	Female	82	16-10-2024
3828	Tessy Beefon	70	Female	81	31-03-2024
3829	Cornie Hillhouse	53	Male	68	07-01-2025
3830	Jareb Filippucci	51	Male	92	17-08-2024
3833	Jamie Staziker	66	Female	88	04-02-2025
3834	Bianca Ricket	30	Female	59	17-05-2023
3838	Mil Clemitt	62	Female	59	10-09-2024
3839	Wallie Christauffour	35	Female	78	14-08-2024
3841	Barnebas Munro	35	Male	64	11-04-2024
3844	Clotilda Oret	68	Female	87	26-04-2024
3845	Bonnie Goracci	64	Female	72	15-08-2023
3846	Nariko McClymont	67	Female	57	09-06-2024
3850	Alexandro McCullock	43	Male	55	23-04-2024
3853	Kerri Marrington	59	Female	91	24-08-2024
3855	Brnaby Doughtery	39	Male	89	08-05-2023
3856	Shane Haseldine	26	Female	74	01-09-2024
3857	Tanner McCuthais	68	Male	64	09-02-2025
3858	Sabina Tarbin	38	Female	57	12-04-2024
3859	Boonie Searle	56	Male	81	15-04-2023
3861	Thayne Canepe	39	Male	87	09-02-2025
3866	Theressa Morfield	27	Female	56	20-10-2024
3868	Rica Corrado	40	Female	60	30-05-2024
3869	Amalie Isabell	41	Female	58	11-06-2024
3871	Magda Shugg	46	Female	80	10-05-2024
3877	Georgine Poutress	45	Female	55	03-09-2024
3878	Waldon Digges	57	Male	99	04-11-2023
3879	Vin Attack	54	Male	74	21-12-2024
3880	Donella Disley	48	Female	77	22-10-2024
3881	Olivie Nazair	125	Female	50	23-09-2024
3884	Sibley Thirlwall	28	Female	69	18-12-2023
3885	Asher	60	Male	55	24-02-2024
3886	Fidela Haresign	37	Female	74	25-06-2024
3887	Dulcie Nealon	49	Female	66	28-07-2024
3890	Mavra Padell	47	Female	72	11-06-2024
3891	Amalea Elcy	28	Female	61	05-01-2025
3894	Burgess Diaper	45	Male	70	25-03-2024
3898	Demetrius Youdell	38	Male	91	07-08-2023
3900	Garland Wildsmith	64	Female	78	05-11-2023
3901	Evelina Bavin	44	Female	98	23-01-2025
3903	Dayna Cawthera	57	Female	69	25-08-2023
3905	Leodora Cowill	29	Female	72	26-12-2024
3906	Bronny Claige	25	Male	87	22-08-2023
3908	Dolf Serridge	44	Male	64	10-10-2024
3911	Valeda Ezele	65	Female	81	02-09-2024
3912	Ryon Darridon	36	Male	89	27-02-2024
3914	Izabel Roelofs	66	Female	79	12-01-2024
3917	Artemas Kyncl	61	Male	79	02-03-2024
3918	Rosalia Skedge	64	Female	52	16-12-2024
3920	Filbert Deetlefs	43	Male	90	21-08-2024
3921	Gaby Lozano	47	Female	93	25-05-2023
3922	Frans Whitecross	48	Male	90	06-06-2024
3923	Shay Rayer	46	Male	90	19-02-2024
3924	Perry Lampert	70	Male	72	22-07-2023
3925	Cally Chaim	47	Female	81	20-08-2023
3928	Kristin Way	37	Female	71	21-07-2024
3929	Jacqui Fortnam	125	Female	50	21-10-2024
3932	Hadley Veracruysse	47	Male	85	07-04-2023
3933	Chiarra Cops	125	Female	65	03-07-2023
3935	Teodor Alfonsini	46	U	72	14-03-2023
3936	Rodd Spare	51	Male	57	27-08-2023
3937	Brennen Mularkey	43	Male	81	06-04-2023
3939	Georges Dumbelton	46	Male	67	23-02-2024
3942	Barbie Gergler	51	Female	82	03-08-2024
3945	Lazarus Donaghy	54	Male	77	08-10-2024
3946	Wylie FitzGilbert	38	Male	85	24-12-2024
3950	Alic Juniper	56	Male	72	17-11-2023
3952	Di Borsnall	25	Female	96	03-07-2024
3953	Allyson Simak	54	Female	79	11-09-2024
3954	Archaimbaud McAteer	68	Male	63	09-05-2024
3955	Dido Austick	46	Female	87	14-07-2024
3956	Hector Poundsford	54	Male	54	23-03-2023
3959	Dannie Sowray	32	Male	76	06-06-2024
3966	Astrix Sigward	47	Female	53	14-11-2024
3967	Lillis Dobrowolski	47	Female	90	11-04-2023
3968	Alexandra Kroch	55	Female	99	21-09-2023
3969	Randee Penchen	46	Female	93	11-04-2024
3970	Modesty Storks	45	Female	73	22-09-2023
3974	Misha Ranklin	67	Female	82	27-05-2023
3979	Kleon Adam	30	Male	67	09-02-2024
3982	Maurita O'Kinedy	65	Female	89	05-08-2024
3984	Thadeus Buxsey	48	Male	74	22-11-2024
3988	Ammamaria Ashburne	26	Female	97	01-09-2023
3989	Nicolas Burdass	39	Male	75	15-05-2024
3990	Reynard Hagger	44	Male	99	29-09-2023
3991	Rolph Sweetnam	50	Male	61	29-01-2025
3992	Germain Tireman	35	Male	99	19-04-2024
3995	Rusty Iapico	23	Male	93	07-01-2025
3997	Blanch Nisuis	51	Female	87	20-02-2024
3998	Sarene Woolley	33	U	60	29-02-2024
4000	Kippy Oldland	33	Male	76	23-12-2024
